{
	"ngbto_options_desc" : "Paramètres du mod",
	"ngbto_broadcast_title" : "Informations aux joueurs",
	"ngbto_broadcast_desc" : "Transmettre les informations aux autres joueurs",
	"ngbto_hidden_master_title" : "Expulser les profils Steam privés",
	"ngbto_hidden_master_desc" : "Expulser les profils Steam privés",
	"ngbto_empty_perk_deck_title" : "Pioche d'atouts des joueurs 0/9",
	"ngbto_empty_perk_deck_desc" : "Expulser les joueurs avec la pioche d'atout incomplete 0/9",
	"ngbto_show_skills_title" : "Info sur les compétences et pioche d'atouts",
	"ngbto_show_skills_desc" : "Savoir les informations du joueur sur ses compétences et pioche d'atouts",
	"ngbto_deathwish_loud_title" : "Suicidaire en bourrine",
	"ngbto_deathwish_loud_desc" : "Minimum d'heures pour la difficulté Suicidaire avec approche bourrine ou sans",
	"ngbto_deathwish_stealth_title" : "Suicidaire en discret",
	"ngbto_deathwish_stealth_desc" : "Minimum d'heures pour la difficulté Suicidaire avec approche discrète",
	"ngbto_overkill_loud_title" : "Overkill en bourrine",
	"ngbto_overkill_loud_desc" : "Minimum d'heures pour la difficulté Overkill avec approche bourrine ou sans",
	"ngbto_overkill_stealth_title" : "Overkill en discret",
	"ngbto_overkill_stealth_desc" : "Minimum d'heures pour la difficulté Overkill avec comme approche discrète",
	"ngbto_perk_deck_1_desc" : "Expulser les joueurs avec comme pioche d'atout: Chef d'équipe",
	"ngbto_perk_deck_2_desc" : "Expulser les joueurs avec comme pioche d'atout: Gorille",
	"ngbto_perk_deck_3_desc" : "Expulser les joueurs avec comme pioche d'atout: Armurier",
	"ngbto_perk_deck_4_desc" : "Expulser les joueurs avec comme pioche d'atout: Bandit",
	"ngbto_perk_deck_5_desc" : "Expulser les joueurs avec comme pioche d'atout: Tueur à gages",
	"ngbto_perk_deck_6_desc" : "Expulser les joueurs avec comme pioche d'atout: Escroc",
	"ngbto_perk_deck_7_desc" : "Expulser les joueurs avec comme pioche d'atout: Cambrioleur",
	"ngbto_perk_deck_8_desc" : "Expulser les joueurs avec comme pioche d'atout: Infiltré",
	"ngbto_perk_deck_9_desc" : "Expulser les joueurs avec comme pioche d'atout: Sociopathe",
	"ngbto_perk_deck_10_desc" : "Expulser les joueurs avec comme pioche d'atout: Flambeur",
	"ngbto_perk_deck_11_desc" : "Expulser les joueurs avec comme pioche d'atout: Ailier",
	"ngbto_perk_deck_12_desc" : "Expulser les joueurs avec comme pioche d'atout: Yakuza",
	"ngbto_perk_deck_13_desc" : "Expulser les joueurs avec comme pioche d'atout: Ex-Président",
	"ngbto_perk_deck_14_desc" : "Kick Maniac",
	"ngbto_perk_deck_15_desc" : "Kick Anarchist",
	"ngbto_perk_deck_16_desc" : "Kick players that use Biker perk decks",
	"ngbto_hidden_infamy_title" : "Niveau d'infamie privé",
	"ngbto_hidden_infamy_desc" : "Niveau d'infamie minimum qui peuvent rentrer dans le lobby avec un profil Steam privé\n(Nécessite: Expulser les profils Steam privés)",
	"ngbto_hidden_infamy_minimum_title" : "Niveau d'infamie minimum",
	"ngbto_hidden_infamy_minimum_desc" : "Minimum le niveau d'infamie qu'un joueur peut venir dans le lobby\n(Nécessite: Expulser les profils Steam privés et Niveau d'infamie privé)",
	"lobby_create_message_1" : "Ce lobby va automatiquement expulser",
	"lobby_create_message_2" : "les profils privés et",
	"lobby_create_message_3" : "les joueurs avec moins de",
	"lobby_create_message_4" : "heures de jeu au total.",
	"kick_option_off" : "L'expulsion est desactivé",
	"kick_option_on_1" : "L'expulsion est activé pour moins ",
	"kick_option_on_2" : "heures.",
	"kick_option_on_3" : "les profils privés vont",
	"kick_option_on_4" : "ne va pas être expulsé",
	"kick_option_on_5" : "être expulsé",
	"player_whitelist" : "est de la Liste Blanche.",
	"player_blacklist" : "est de la Liste Noir.",
	"player_was_hidden" : "avait un profil privé.",
	"player_is_hidden" : "a un profil privé. ",
	"hours_kicked_1" : "a été expulsé pour avoir",
	"hours_kicked_2" : "heures",
	"hours_joined_1" : "a",
	"hours_joined_2" : "heures",
	"cheater_ban" : "est banni pour avoir utilisé trop de points de compétences",
	"perk_deck_kick_1" : "a été expulsé pour avoir utilisé",
	"perk_deck_kick_2" : "dans la pioche d'atout",
	"perk_deck_kick_3" : "a été expulsé pour avoir une pioche d'atout incomplete 0/9",
	"perk_deck_kick_4" : "a été expulsé pour avoir un infamie trop faible",
	"ngbto_local_message_title" : "Message de bienvenue localisée",
	"ngbto_local_message_desc" : "Envoie les messages dans la même langue que votre jeu ou en anglais",
	"ngbto_no_deployable_title" : "Aucun équipement",
	"ngbto_no_deployable_desc" : "Les joueurs qui portent aucun équipement seront expulsés.\nSEULEMENT EN BOURRINE (Fonctionne seulement si la partie est déjà lancée)",
	"ngbto_single_turret_desc" : "Les joueurs qui portent seulement qu'une tourelle comme équipement seront expulsés.\nSEULEMENT EN BOURRINE (Fonctionne seulement si la partie est déjà lancée)",
	"ngbto_body_bags_desc" : "Les joueurs qui portent la valise de sacs mortuaires comme équipement seront expulsés.\nSEULEMENT EN BOURRINE (Fonctionne seulement si la partie est déjà lancée)",
	"ngbto_armor_kit_desc" : "Les joueurs qui portent le sac d'armure comme équipement seront expulsés.\nSEULEMENT EN BOURRINE (Fonctionne seulement si la partie est déjà lancée)",
	"ngbto_single_ecm_desc" : "Les joueurs qui portent seulement qu'un brouilleur CME comme équipement seront expulsés.\nSEULEMENT EN BOURRINE (Fonctionne seulement si la partie est déjà lancée)",
	"ngbto_four_first_aid_kits_desc" : "Les joueurs qui portent seulement que 4 kits de premiers soins comme équipement seront expulsés.\nSEULEMENT EN BOURRINE (Fonctionne seulement si la partie est déjà lancée)",
	"ngbto_pd2stats_title" : "Pd2stats anti-triche",
	"ngbto_pd2stats_desc" : "Utiliser pd2stats anti-triche pour ban les tricheurs",
	"pd2_cheater" : "a triché et a été banni",
	"ngbto_hidden_infamy_v_title" : "Expulser les Infamies V-100",
	"ngbto_hidden_infamy_v_desc" : "Expulser les profils Steam privés et avec le niveau V-100\n(Nécessite: Expulser les profils Steam privés et Niveau d'infamie privé)",
	"ngbto_hidden_infamy_xxv_title" : "Expulser les Infamies XXV-100",
	"ngbto_hidden_infamy_xxv_desc" : "Expulser les profils Steam privés et avec le niveau XXV-100\n(Nécessite: Expulser les profils Steam privés et Niveau d'infamie privé)",
	"ngbto_incomplete_perk_deck_title" : "Pioche d'atouts incomplètes",
	"ngbto_incomplete_perk_deck_desc" : "Expulser les joueurs avec leurs pioches d'atous incompètes.\nExemple: Tueur à gages 8/9",
	"ngbto_armor_1_desc" : "Expulser les joueurs portant le costume deux pièces\n(fonctionne seulement si la partie est lancée)",
	"ngbto_armor_2_desc" : "Expulser les joueurs portant le gilet balistique léger\n(fonctionne seulement si la partie est lancée)",
	"ngbto_armor_3_desc" : "Expulser les joueurs portant le gilet balistique\n(fonctionne seulement si la partie est lancée)",
	"ngbto_armor_4_desc" : "Expulser les joueurs portant le gilet balistique lourd\n(fonctionne seulement si la partie est lancée)",
	"ngbto_armor_5_desc" : "Expulser les joueurs portant le gilet pare-balles\n(fonctionne seulement si la partie est lancée)",
	"ngbto_armor_6_desc" : "Expulser les joueurs portant le gilet tactique polyvalent\n(fonctionne seulement si la partie est lancée)",
	"ngbto_armor_7_desc" : "Expulser les joueurs portant le gilet tactique polyvalent amélioré\n(fonctionne seulement si la partie est lancée)",
	"infamyxxv_kick" : "avoir un niveau XXV-100 avec un profil Steam privé",
	"infamyv_kick" : "avoir un niveau V-100 avec un profil Steam privé",
	"ngbto_hidden_infamy_maximum_title" : "Niveau d'infamie maximum",
	"ngbto_hidden_infamy_maximum_desc" : "Maximum le niveau d'infamie qu'un joueur peut venir dans le lobby\n(Nécessite: Expulser les profils Steam privés et Niveau d'infamie privé)",
	"NGBTO_Off" : "Le mod est maintenant désactivé.",
	"ngbto_pd2stats_extra_title" : "Pas assez de braquages completées",
	"ngbto_pd2stats_extra_desc" : "Mettre en Liste noir les joueurs avec 'Pas assez de braquages completées pour avoir un niveau d'infamie [...]'.\nJe l'ai fait, car ce paramètre a beaucoup de faux positifs",
	"total_count_kick" : "a été expulsé pour n'avoir pas fait assez de braquages complétés",
	"deathwish_count_kick" : "a été expulsé pour n'avoir pas fait assez de braquages complétés en Suicidaire",
	"ngbto_deathwish_heists_title" : "Braquages Suicidaire",
	"ngbto_deathwish_heists_desc" : "Expulser les joueurs avec le nombre désirer de parties complétés en Suicidaire",
	"ngbto_deathwish_heists_number_title" : "Nombre minimum Suicidaire",
	"ngbto_deathwish_heists_number_desc" : "Nécessite: Braquages Suicidaire",
	"ngbto_total_heists_title" : "Braquages total",
	"ngbto_total_heists_desc" : "Expulser les joueurs avec le nombre désirer de parties complétés au total",
	"ngbto_total_heists_number_title" : "Nombre minimum total",
	"ngbto_total_heists_number_desc" : "Nécessite: Braquages total",
	"lobby_not_supported" : "Ce lobby va enregistrer les informations à propos des joueurs qui rejoignent et bannir automatiquement les tricheurs",
	"ngbto_language_title" : "Langue",
	"ngbto_language_desc" : "Sélectionner la langue du mod (Nécessite un redémarrage pour prendre effet)",
	"Y" : "OUI",
	"N" : "NON",
	"ngbto_toggle_title" : "Activer/Désactiver l'expulsion",
	"ngbto_toggle_desc" : "Avec cette touche, vous pouvez selectioner d'activer ou désactiver le mod à n'importe quel moment",
	"Newbie_Statistics" : "Statistiques",
	"Newbie_Kills" : "Nombres de victimes tués",
	"Newbie_Spec_Kills" : "Nombres de victimes forces spécials tués",
	"Newbie_Headshots" : "Tirs dans la tête",
	"Newbie_Accuracy" : "Précision",
	"Newbie_Downs" : "Nombre de fois tomber à terre",
	"ngbto_statistics_title" : "Enrengistrer les statistiques",
	"ngbto_statistics_desc" : "Enrengistrer les statistiques après la fin du braquage",
	"ngbto_skill_overlay_title" : "Enrengistrer les informations sur le HUD",
	"ngbto_skill_overlay_desc" : "Quand activé, il fera apparaitre toutes les statistiques des joueurs sur un petit HUD",
	"pd_anticheat_self" : "Anti-triche dans le jeu",
	"hidden_kick_on" : " Hidden profiles will be kicked",
	"ngbto_ingame_anticheat_title" : "Use ingame anticheat",
	"ngbto_ingame_anticheat_desc" : "Ban people that are tagged by the ingame anticheat",
	"ngbto_manual_ban_title" : "Manual ban",
	"ngbto_manual_ban_desc" : "Select people from the current playlist to add them to the blacklist",
	"Manual_ban_select" : "Select who to ban",
	"Manual_ban_button" : "BAN",
	"ngbto_inspection_title" : "Player inspection",
	"ngbto_inspection_desc" : "Display various infomation about the selected player",
	"player_inspection" : "Inspect selected person",
	"Back" : "Back",
	"Level" : "Level",
	"clean" : "Clean",
	"warning" : "WARNING!",
	"Player" : "Player",
	"Playtime" : "Playtime",
	"Achievements" : "Achievements",
	"VAC_status" : "VAC status",
	"Pd2Stats_check" : "Pd2Stats status",
	"hidden" : "Hidden",
	"manually_added_to_blacklist" : "has been added to blacklist",
	"Newbie_Kill_Per_Minute" : "KPM",
	"ngbto_detailed_skills_title" : "Detailed Skills" ,
	"ngbto_detailed_skills_desc" : "Show detailed skill points",
	"ngbto_options_anti_cheat" : "Anti-Cheat",
	"ngbto_options_anti_cheat_desc" : "Functions related to anti cheat, this will make your lobby more secure against those who like to take the easy way out",
	"ngbto_options_armor" : "Armor",
	"ngbto_options_armor_desc" : "Armor sorting options",
	"ngbto_options_data_filters" : "Hour filters",
	"ngbto_options_data_filters_desc" : "Filter people by selected amount of playtime or amount of played heists",
	"ngbto_options_deployables" : "Deployables",
	"ngbto_options_deployables_desc" : "Player sorting by selected deployables",
	"ngbto_options_extras" : "Information",
	"ngbto_options_extras_desc" : "Select what information to display to you and the other players",
	"ngbto_options_hidden" : "Hidden/Private profiles",
	"ngbto_options_hidden_desc" : "Hidden profiles sorting options",
	"ngbto_options_perk_decks" : "Perk decks",
	"ngbto_options_perk_decks_desc" : "Perk deck sorting options",
	"ngbto_skill_cheats_title" : "Skill point anti-cheat",
	"ngbto_skill_cheats_desc" : "Ban people that have more than 120 skill points",
	"ngbto_kick_type_title" : "Instant kick",
	"ngbto_kick_type_desc" : "If it is ticked, then it will kick people instantly else it will give them a brief window to read the kick message before being kicked out",
	"ngbto_remove_type_title" : "Kick type",
	"ngbto_remove_type_desc" : "Which way to remove the person from the game, what to show the person\nHide kick: will show them disconnected message and wont let to rejoin\nShow kick: Will kick them and won't let to rejoin\nDisconnect: Will only disconnect the person, letting him to rejoin",
	"hide_kick" : "Hide kick",
	"plain_kick" : "Show kick",
	"disconnect_person" : "Disconnect",
	"ngbto_options_infamy" : "Misc",
	"ngbto_options_infamy_desc" : "Filter people that have gained something faster than you think is possible",
	"ngbto_infamy_10" : "Infamy V - X",
	"ngbto_infamy_15" : "Infamy XI - XV",
	"ngbto_infamy_20" : "Infamy XVI - XX",
	"ngbto_infamy_24" : "Infamy XXI - XXIV",
	"ngbto_infamy_25" : "Infamy XXV",
	"ngbto_infamy_hours_desc" : "Minimum hour count to achieve this level of infamy\n(Requires: Infamy by hours)",
	"ngbto_infamy_check" : "Infamy by hours",
	"ngbto_infamy_check_desc" : "When selected you will be able to use the filters down bellow",
	"fast_infamy" : "achieved infamy",
	"too_fast" : "too fast",
	"achievements_too_fast" : "gained",
	"ngbto_achievements_check" : "Achievements by hours",
	"ngbto_achievements_check_desc" : "Filter people that have more than 370 achievements and less than 300 hours",
	"ngbto_detection_loud_title" : "Detection Loud",
	"ngbto_detection_loud_desc" : "Filter people by detection rate\n(Only works if the game has tag of Loud)",
	"ngbto_detection_loud_value_title" : "Detection Loud rate",
	"ngbto_detection_loud_value_desc" : "It will kick everyone that has lower than this detection rate\n(Requires: Detection Loud)",
	"ngbto_detection_stealth_title" : "Detection Stealth",
	"ngbto_detection_stealth_desc" : "Filter people by detection rate\n(Only works if the game has tag of Stealth)",
	"ngbto_detection_stealth_value_title" : "Detection Stealth rate",
	"ngbto_detection_stealth_value_desc" : "It will kick everyone that has bigger than this detection rate\n(Requires: Detection Stealth)",
	"ngbto_detection_too_high" : "kicked for having too high detection rate",
	"ngbto_detection_too_low" : "kicked for having too low detection rate",
	"ngbto_first_aid_kit_desc" : "Will kick people with first aid kit deployables\n(Only works if the game has started or in loadout screen)",
	"ngbto_trip_mine_desc" : "Will kick people with trip mine deployables\n(Only works if the game has started or in loadout screen)",
	"ngbto_doctor_bag_desc" : "Will kick people with medic bag deployables\n(Only works if the game has started or in loadout screen)",
	"ngbto_ammo_bag_desc" : "Will kick people with ammo bag deployables\n(Only works if the game has started or in loadout screen)",
	"ngbto_four_first_aid_kits" : "4 first aid kits"
}
