{
	"ngbto_options" : "Newbies go back to overkill",
	"0" : "0",
	"1" : "1",
	"2" : "2",
	"3" : "3",
	"4" : "4",
	"5" : "5",
	"6" : "6",
	"7" : "7",
	"8" : "8",
	"9" : "9",
	"10" : "10",
	"11" : "11",
	"12" : "12",
	"13" : "13",
	"14" : "14",
	"15" : "15",
	"16" : "16",
	"17" : "17",
	"18" : "18",
	"19" : "19",
	"21" : "21",
	"22" : "22",
	"23" : "23",
	"24" : "24",
	"25" : "25",
	"20" : "20",
	"30" : "30",
	"35" : "35",
	"45" : "45",
	"55" : "55",
	"65" : "65",
	"70" : "70",
	"75" : "75",
	"40" : "40",
	"50" : "50",
	"60" : "60",
	"80" : "80",
	"100" : "100",
	"120" : "120",
	"140" : "140",
	"150" : "150",
	"160" : "160",
	"180" : "180",
	"200" : "200",
	"220" : "220",
	"240" : "240",
	"250" : "250",
	"260" : "260",
	"280" : "280",
	"300" : "300",
	"320" : "320",
	"340" : "340",
	"350" : "350",
	"360" : "360",
	"380" : "380",
	"400" : "400",
	"420" : "420",
	"440" : "440",
	"450" : "450",
	"460" : "460",
	"480" : "480",
	"500" : "500",
	"520" : "520",
	"540" : "540",
	"560" : "560",
	"580" : "580",
	"600" : "600",
	"620" : "620",
	"640" : "640",
	"660" : "660",
	"680" : "680",
	"700" : "700",
	"720" : "720",
	"740" : "740",
	"760" : "760",
	"780" : "780",
	"800" : "800",
	"820" : "820",
	"840" : "840",
	"860" : "860",
	"880" : "880",
	"900" : "900",
	"920" : "920",
	"940" : "940",
	"960" : "960",
	"980" : "980",
	"1000" : "1000",
	"ngbto_language_english" : "English",
	"ngbto_language_french" : "French",
	"ngbto_language_russian" : "Russian",
	"ngbto_language_german" : "German",
	"ngbto_language_italian" : "Italian",
	"ngbto_language_dutch" : "Dutch",
	"ngbto_language_spanish" : "Spanish",
	"ngbto_language_turkish" : "Turkish",
	"ngbto_language_chinese" : "Chinese",
	"ngbto_language_czech" : "Czech",
	
	"ngbto_one_down_loud_title" : "One Down loud",
	"ngbto_one_down_loud_desc" : "Minimum amount of hours for One Down difficulty with loud tag or no tag",
	"ngbto_one_down_stealth_title" : "One Down stealth",
	"ngbto_one_down_stealth_desc" : "Minimum amount of hours for One Down difficulty with stealth tag",
	"ngbto_mayhem_loud_title" : "Mayhem loud loud",
	"ngbto_mayhem_loud_desc" : "Minimum amount of hours for Mayhem difficulty with loud tag or no tag",
	"ngbto_mayhem_stealth_title" : "Mayhem stealth",
	"ngbto_mayhem_stealth_desc" : "Minimum amount of hours for Mayhem difficulty with stealth tag"
}
