{
  "ngbto_options_desc" : "Impostazioni Mod",
  "ngbto_broadcast_title" : "Informazioni per i giocatori",
  "ngbto_broadcast_desc" : "Trasmetti le informazioni agli altri giocatori",
  "ngbto_hidden_master_title" : "Espelli i profili privati",
  "ngbto_hidden_master_desc" : "Espelli i profili privati",
  "ngbto_empty_perk_deck_title" : "Specializzazioni giocatori 0/9",
  "ngbto_empty_perk_deck_desc" : "Espelli i giocatori con specializzazioni incomplete 0/9",
  "ngbto_show_skills_title" : "Mostra info sulle abilità e specializzazioni",
  "ngbto_show_skills_desc" : "Mostra informazioni sulle abilità dei giocatori nella partita",
  "ngbto_deathwish_loud_title" : "Apocalisse in Loud",
  "ngbto_deathwish_loud_desc" : "Ore minime per difficoltà Apocalisse con piano d'azione Loud",
  "ngbto_deathwish_stealth_title" : "Apocalisse in Stealth",
  "ngbto_deathwish_stealth_desc" : "Ore minime per difficoltà Apocalisse con piano d'azione Stealth",
  "ngbto_overkill_loud_title" : "Overkill in Loud",
  "ngbto_overkill_loud_desc" : "Ore minime per difficoltà Overkill con piano d'azione Loud",
  "ngbto_overkill_stealth_title" : "Overkill in Stealth",
  "ngbto_overkill_stealth_desc" : "Ore minime per difficoltà Overkill con piano d'azione Stealth",
  "ngbto_perk_deck_1_desc" : "Espelli giocatori con specializzazione Caporegime",
  "ngbto_perk_deck_2_desc" : "Espelli giocatori con specializzazione Scagnozzo",
  "ngbto_perk_deck_3_desc" : "Espelli giocatori con specializzazione Armaiolo",
  "ngbto_perk_deck_4_desc" : "Espelli giocatori con specializzazione Canaglia",
  "ngbto_perk_deck_5_desc" : "Espelli giocatori con specializzazione Sicario",
  "ngbto_perk_deck_6_desc" : "Espelli giocatori con specializzazione Truffatore",
  "ngbto_perk_deck_7_desc" : "Espelli giocatori con specializzazione Scassinatore",
  "ngbto_perk_deck_8_desc" : "Espelli giocatori con specializzazione Infiltrato",
  "ngbto_perk_deck_9_desc" : "Espelli giocatori con specializzazione Sociopatico",
  "ngbto_perk_deck_10_desc" : "Espelli giocatori con specializzazione Temerario",
  "ngbto_perk_deck_11_desc" : "Espelli giocatori con specializzazione Attaccante",
  "ngbto_perk_deck_12_desc" : "Espelli giocatori con specializzazione Yakuza",
  "ngbto_perk_deck_13_desc" : "Espelli giocatori con specializzazione Ex Presidente",
  "ngbto_perk_deck_14_desc" : "Espelli giocatori con specializzazione Maniaco",
  "ngbto_perk_deck_15_desc" : "Espelli giocatori con specializzazione Anarchico",
  "ngbto_hidden_infamy_title" : "Infamia profili privati (richiede: Espelli i profili privati)",
  "ngbto_hidden_infamy_desc" : "Controlla il livello di infamia dei giocatori con il profilo privato",
  "ngbto_hidden_infamy_minimum_title" : "Livello minimo di infamia (profili privati)",
  "ngbto_hidden_infamy_minimum_desc" : "Livello minimo di infamia che un giocatore può avere con il profilo privato",
  "lobby_create_message_1" : "Questa lobby espellerà automaticamente",
  "lobby_create_message_2" : "i profili privati e ",
  "lobby_create_message_3" : "i giocatori con meno di",
  "lobby_create_message_4" : "ore totali di gioco.",
  "kick_option_off" : "L'espulsione è disabilitata",
  "kick_option_on_1" : "L'espulsione è attiva sotto le ",
  "kick_option_on_2" : "ore.",
  "kick_option_on_3" : "I profili privati saranno",
  "kick_option_on_4" : "non saranno espulsi",
  "kick_option_on_5" : "saranno espulsi",
  "player_whitelist" : "è nella whitelist.",
  "player_blacklist" : "è nella blacklist.",
  "player_was_hidden" : "era un profilo privato.",
  "player_is_hidden" : "ha un profilo privato. ",
  "hours_kicked_1" : "è stato espulso per avere",
  "hours_kicked_2" : "ore",
  "hours_joined_1" : "ha",
  "hours_joined_2" : "ore",
  "cheater_ban" : "è stato bannato per l'utilizzo di troppi punti abilità",
  "perk_deck_kick_1" : "è stato espulso per l'utilizzo",
  "perk_deck_kick_2" : "in specializzazioni",
  "perk_deck_kick_3" : "è stato espulso per una specializzazione incompleta 0/9",
  "perk_deck_kick_4" : "è stato espulso per aver troppo poca infamia",
  "ngbto_local_message_title" : "Messaggio di benvenuto localizzato",
  "ngbto_local_message_desc" : "Scegli se i giocatori vedranno il messaggio nella lingua del gioco o in Inglese",
  "ngbto_no_deployable_title" : "Nessuna attrezzatura",
  "ngbto_no_deployable_desc" : "I giocatori che non hanno un'attrezzatura saranno espulsi. SOLO IN APOCALISSE (Funziona solo se la partita è già in esecuzione)",
  "ngbto_single_turret_desc" : "I giocatori che hanno solo una torretta saranno espulsi. SOLO IN APOCALISSE (Funziona solo se la partita è già in esecuzione)",
  "ngbto_body_bags_desc" : "I giocatori che hanno una valigetta con i sacchi per cadavere saranno espulsi. SOLO IN APOCALISSE (Funziona solo se la partita è già in esecuzione)",
  "ngbto_armor_kit_desc" : "I giocatori che hanno una valigetta con l'armatura saranno espulsi. SOLO IN APOCALISSE (Funziona solo se la partita è già in esecuzione)",
  "ngbto_single_ecm_desc" : "I giocatori che hanno solo un Jammer saranno espulsi. SOLO IN APOCALISSE (Funziona solo se la partita è già in esecuzione)",
  "ngbto_four_first_aid_kits_desc" : "I giocatori che hanno solo 4 kit di pronto soccorso saranno espulsi. SOLO IN APOCALISSE (Funziona solo se la partita è già in esecuzione)",
  "ngbto_pd2stats_title" : "PD2stats anti-cheat",
  "ngbto_pd2stats_desc" : "Usa l'anti-cheat PD2stats per bannare i cheater",
  "pd2_cheater" : "ha barato ed è stato bannato",
  "ngbto_hidden_infamy_v_title" : "Espelli infamia V-100",
  "ngbto_hidden_infamy_v_desc" : "Espelle i giocatori con il profilo privato che hanno un livello pari a V-100",
  "ngbto_hidden_infamy_xxv_title" : "Espelli infamia XXV-100",
  "ngbto_hidden_infamy_xxv_desc" : "Espelle i giocatori con il profilo privato che hanno un livello pari a XXV-100",
  "ngbto_incomplete_perk_deck_title" : "Specializzazione incompleta",
  "ngbto_incomplete_perk_deck_desc" : "Espelle i giocatori che hanno una specializzazione incompleta. Esempio: Sicario 8/9",
  "ngbto_armor_1_desc" : "Espelle i giocatori con l'Abito elegante",
  "ngbto_armor_2_desc" : "Espelle i giocatori con il Giubbotto Antiproiettile Leggero",
  "ngbto_armor_3_desc" : "Espelle i giocatori con il Giubbotto Antiproiettile",
  "ngbto_armor_4_desc" : "Espelle i giocatori con Giubbotto Antiproiettile Pesante",
  "ngbto_armor_5_desc" : "Espelle i giocatori con Giubbotto Tattico",
  "ngbto_armor_6_desc" : "Espelle i giocatori con il Giubbotto Tattico Combinato",
  "ngbto_armor_7_desc" : "Espelle i giocatori con il Giubbotto Tattico Combinato Migliorato",
  "infamyxxv_kick" : "aveva il profilo privato ed era XXV-100",
  "infamyv_kick" : "aveva il profilo privato ed era V-100",
  "ngbto_hidden_infamy_maximum_title" : "Livello di infamia massimo (profili privati)",
  "ngbto_hidden_infamy_maximum_desc" : "Livello massimo di infamia richiesto (Richiede: Espelli i profili privati e Infamia profili privati)",
  "NGBTO_Off" : "Attualmente la mod è disattivata.",
  "ngbto_pd2stats_extra_title" : "Colpi completati non sufficienti",
  "ngbto_pd2stats_extra_desc" : "Mette nella Blacklist i giocatori con 'Colpi completati non sufficienti'.\nL'ho fatto perché questa impostazione ha molti falsi positivi",
  "total_count_kick" : "ha completato troppe poche rapine",
  "deathwish_count_kick" : "ha completato troppe poche rapine in Apocalisse",
  "ngbto_deathwish_heists_title" : "Conteggio Apocalisse",
  "ngbto_deathwish_heists_desc" : "Espelli giocatori con meno del numero selezionato di rapine in Apocalisse completate",
  "ngbto_deathwish_heists_number_title" : "Numero conteggio Apocalisse",
  "ngbto_deathwish_heists_number_desc" : "Richiede: Contatore Apocalisse",
  "ngbto_total_heists_title" : "Conteggio totale",
  "ngbto_total_heists_desc" : "Espelli giocatori con meno del numero selezionato di rapine completate",
  "ngbto_total_heists_number_title" : "Numero conteggio totale",
  "ngbto_total_heists_number_desc" : "Richiede: Conteggio totale",
  "lobby_not_supported" : "Questa lobby mostrerà le informazioni sui giocatori che stanno entrando e bannerà i cheater automaticamente",
  "ngbto_language_title" : "Lingua",
  "ngbto_language_desc" : "Seleziona la lingua della mod (Richiede il riavvio per rendere le modifiche effettive)",
  "ngbto_toggle_title" : "Attiva/Disattiva l'espulsione",
  "ngbto_toggle_desc" : "Con questo tasto puoi scegliere di attivare/disattivare la mod in qualsiasi momento",
  "Newbie_Statistics" : "Statistiche",
  "Newbie_Kills" : "Uccisioni",
  "Newbie_Spec_Kills" : "Uccisioni Speciali",
  "Newbie_Headshots" : "Colpi alla testa",
  "Newbie_Accuracy" : "Precisioni",
  "Newbie_Downs" : "A terra",
  "ngbto_statistics_title" : "Visualizza statistiche",
  "ngbto_statistics_desc" : "Visualizza le statistiche dopo la fine del colpo",
  "ngbto_skill_overlay_title" : "Visualizza le informazioni nell'HUD",
  "ngbto_skill_overlay_desc" : "Quando viene premuto mostrerà le informazioni a tutti in un rapido overlay",
  "pd_anticheat_self" : "Anti-Cheat In Gioco",
  "hidden_kick_on" : "I profili privati verranno espulsi",
  "ngbto_ingame_anticheat_title" : "Usa l'Anti-cheat del gioco",
  "ngbto_ingame_anticheat_desc" : "Banna i giocatori che sono segnalati dall'anti-cheat del gioco",
  "ngbto_manual_ban_title" : "Ban manuale",
  "ngbto_manual_ban_desc" : "Seleziona i giocatori dalla lista corrente per aggiungerli alla blacklist",
  "Manual_ban_select" : "Seleziona chi bannare",
  "Manual_ban_button" : "BANNA",
  "ngbto_inspection_title" : "Ispezione giocatre",
  "ngbto_inspection_desc" : "Mostra varie informazioni riguardo il giocatore selezionato",
  "player_inspection" : "Ispeziona il giocatore selezionato",
  "Back" : "Indietro",
  "Level" : "Livello",
  "clean" : "Pulito",
  "warning" : "ATTENZIONE!",
  "Player" : "Giocatore",
  "Playtime" : "Tempo di gioco",
  "Achievements" : "Obiettivi",
  "VAC_status" : "Stato del VAC",
  "Pd2Stats_check" : "Stato di PD2Stats",
  "hidden" : "Nascosto",
  "manually_added_to_blacklist" : "è stato aggiunto alla blacklist." ,
  "Newbie_Kill_Per_Minute" : "UPM",
  "ngbto_detailed_skills_title" : "Abilità dettagliate",
  "ngbto_detailed_skills_desc" : "Mostra dettagliatamente i punti abilità",
  "ngbto_options_anti_cheat" : "Anti-Cheat",
  "ngbto_options_anti_cheat_desc" : "Funziona con l'anti-cheat, renderà la lobby più sicura contro quelli che vogliono prendere la via più facile",
  "ngbto_options_armor" : "Armatura",
  "ngbto_options_armor_desc" : "Opzioni ordinamento armatura",
  "ngbto_options_data_filters" : "Filtro ore",
  "ngbto_options_data_filters_desc" : "Filtra i giocatori in base al tempo di gioco o partite giocate selezionate",
  "ngbto_options_deployables" : "Equipaggiamenti",
  "ngbto_options_deployables_desc" : "Ordinamento giocatori in base all'equipaggiamento selezionato",
  "ngbto_options_extras" : "Informazioni",
  "ngbto_options_extras_desc" : "Seleziona quali informazioni visualizzare per te e per gli altri giocatori",
  "ngbto_options_hidden" : "Profili Nascosti/Privati",
  "ngbto_options_hidden_desc" : "Opzioni di ordinamento per i profili nascosti",
  "ngbto_options_perk_decks" : "Specializzazioni",
  "ngbto_options_perk_decks_desc" : "Opzioni di ordinamento Specializzazioni",
  "ngbto_skill_cheats_title" : "Anti-cheat dei punti abilità",
  "ngbto_skill_cheats_desc" : "Banna i giocatori che hanno più di 120 punti abilità",
  "ngbto_kick_type_title" : "Espulsione istantanea",
  "ngbto_kick_type_desc" : "Se è selezionato, espellerà giocatori istantaneamente altrimenti mostrerà una finestra con il motivo prima di essere espulso",
  "ngbto_remove_type_title" : "Tipo di espulsione",
  "ngbto_remove_type_desc" : "Modalità per espellere i giocatori dalla partita, cosa mostrare al giocatore\nEspulsione nascosta: mostrerà un messaggio di disconnessione e non li lascierà rientrare\nEspulsione visibile: Espellerà i giocatori e non li lascierà rientrare\nDisconnessione: Farà solo disconnettere il giocatore, permettendogli di rientrare",
  "hide_kick" : "Espulsione nascosta",
  "plain_kick" : "Espulsione visibile",
  "disconnect_person" : "Disconnessione",
  "ngbto_options_infamy" : "Varie",
  "ngbto_options_infamy_desc" : "Filtra i giocatori che hanno ottenuto qualcosa più in fretta di quanto pensi",
  "ngbto_infamy_10" : "Infamia V - X",
  "ngbto_infamy_15" : "Infamia XI - XV",
  "ngbto_infamy_20" : "Infamia XVI - XX",
  "ngbto_infamy_24" : "Infamia XXI - XXIV",
  "ngbto_infamy_25" : "Infamia XXV",
  "ngbto_infamy_hours_desc" : "Ore minime per ottenere questo livello di infamia\n(Richiede: Infamia basata sulle ore di gioco)",
  "ngbto_infamy_check" : "Infamia basata sulle ore di gioco",
  "ngbto_infamy_check_desc" : "Quando selezionata, sarai in grado di usare i filtri qui sotto",
  "fast_infamy" : "infamia ottenuta",
  "too_fast" : "troppo in fretta",
  "achievements_too_fast" : "ottenuta",
  "ngbto_achievements_check" : "Obiettivi basati sulle ore di gioco",
  "ngbto_achievements_check_desc" : "Filtra i giocatori che hanno più di 370 obiettivi in meno di 300 ore di gioco",
  "ngbto_detection_loud_title" : "Occultamento Loud",
  "ngbto_detection_loud_desc" : "Filtra i giocatori in base all'Occultamento\n(Funziona solo se la partita ha la tag Loud)",
  "ngbto_detection_loud_value_title" : "Livello di Occultamento Loud",
  "ngbto_detection_loud_value_desc" : "Espellerà solo i giocatori con un valore di occultamento inferiore a questo livello di occultamento\n(Richiede: Occultamento Loud)",
  "ngbto_detection_stealth_title" : "Occultamento Stealth",
  "ngbto_detection_stealth_desc" : "Filtra i giocatori in base all'Occultamento\n(Funziona solo se la partita ha la tag Stealth)",
  "ngbto_detection_stealth_value_title" : "Livello di Occultamento Stealth",
  "ngbto_detection_stealth_value_desc" : "Espellerà solo i giocatori con un valore di occultamento inferiore a questo livello di occultamento\n(Richiede: Occultamento Stealth)",
  "ngbto_detection_too_high" : "espulso per aver avuto un livello di occultamento troppo alto",
  "ngbto_detection_too_low" : "espulso per aver avuto un livello di occultamento troppo basso",
  "ngbto_first_aid_kit_desc" : "Espellerà i giocatori con i kit di pronto soccorso\n(Funziona solo se la partita è schermata dell'equipaggiamento od è iniziata)",
  "ngbto_trip_mine_desc" : "Espellerà i giocatori con le cariche cave mine laser\n(Funziona solo se la partita è schermata dell'equipaggiamento od è iniziata)",
  "ngbto_doctor_bag_desc" : "Espellerà i giocatori con il kit medico\n(Funziona solo se la partita è schermata dell'equipaggiamento od è iniziata)",
  "ngbto_ammo_bag_desc" : "Espellerà i giocatori con le sacche di munizioni\n(Funziona solo se la partita è nella schermata dell'equipaggiamento od è iniziata)",
  "ngbto_four_first_aid_kits" : "4 Kit di pronto soccorso"
}
