{
  "ngbto_options_desc" : "Мод улучшает игру в мультиплеере",
  "ngbto_broadcast_title" : "Информировать игроков",
  "ngbto_broadcast_desc" : "Отправка информации в чат другим игрокам",
  "ngbto_hidden_master_title" : "Кикать скрытые профили",
  "ngbto_hidden_master_desc" : "Кикать игроков со скрытыми профилями Steam",
  "ngbto_empty_perk_deck_title" : "Перкдеки 0/9",
  "ngbto_empty_perk_deck_desc" : "Кикать игроков с пустым перкдеком 0/9",
  "ngbto_show_skills_title" : "Инфо о навыках/перках",
  "ngbto_show_skills_desc" : "Показывать информацию о навыках и перках присоединившегося игрока",
  "ngbto_deathwish_loud_title" : "Жажда смерти Громко",
  "ngbto_deathwish_loud_desc" : "Минимальное кол-во часов для сложности ЖАЖДА СМЕРТИ с громким подходом (План подхода перед выбором контракта не важен).",
  "ngbto_deathwish_stealth_title" : "Жажда смерти Стелс",
  "ngbto_deathwish_stealth_desc" : "Минимальное кол-во часов для сложности ЖАЖДА СМЕРТИ со скрытным подходом (План подхода выбран перед контрактом).",
  "ngbto_overkill_loud_title" : "Overkill Громко",
  "ngbto_overkill_loud_desc" : "Минимальное кол-во часов для сложности OVERKILL с громким подходом (План подхода перед выбором контракта не важен).",
  "ngbto_overkill_stealth_title" : "Overkill Стелс",
  "ngbto_overkill_stealth_desc" : "Минимальное кол-во часов для сложности OVERKILL со скрытным подходом (План подхода выбран перед контрактом).",
  "ngbto_perk_deck_1_desc" : "Кикать игроков с перком Капо",
  "ngbto_perk_deck_2_desc" : "Кикать игроков с перком Силовик",
  "ngbto_perk_deck_3_desc" : "Кикать игроков с перком Оружейник",
  "ngbto_perk_deck_4_desc" : "Кикать игроков с перком Шпион",
  "ngbto_perk_deck_5_desc" : "Кикать игроков с перком Киллер",
  "ngbto_perk_deck_6_desc" : "Кикать игроков с перком Аферист",
  "ngbto_perk_deck_7_desc" : "Кикать игроков с перком Взломщик",
  "ngbto_perk_deck_8_desc" : "Кикать игроков с перком Интервент",
  "ngbto_perk_deck_9_desc" : "Кикать игроков с перком Социопат",
  "ngbto_perk_deck_10_desc" : "Кикать игроков с перком Шулер",
  "ngbto_perk_deck_11_desc" : "Кикать игроков с перком Нападающий",
  "ngbto_perk_deck_12_desc" : "Кикать игроков с перком Якудза",
  "ngbto_perk_deck_13_desc" : "Кикать игроков с перком Экс-Президент",
  "ngbto_perk_deck_14_desc" : "Кикать игроков с перком Маньяк",
  "ngbto_perk_deck_15_desc" : "Кикать игроков с перком Анархист",
  "ngbto_perk_deck_16_desc" : "Kick players that use Biker perk decks",
  "ngbto_hidden_infamy_title" : "Скрытые infamy",
  "ngbto_hidden_infamy_desc" : "Проверка скрытых infamy",
  "ngbto_hidden_infamy_minimum_title" : "Infamy",
  "ngbto_hidden_infamy_minimum_desc" : "Минимальный уровень дурной репутации для скрытых профилей",
  "lobby_create_message_1" : "В этом лобби будут автоматически выгнаны игроки",
  "lobby_create_message_2" : "со скрытыми профилями и",
  "lobby_create_message_3" : "с кол-вом часов в игре менее",
  "lobby_create_message_4" : ".",
  "kick_option_off" : "Кик игроков ОТКЛЮЧЕН",
  "kick_option_on_1" : "Кик игроков ВКЛЮЧЕН если кол-во часов в игре менее -",
  "kick_option_on_2" : ".",
  "kick_option_on_3" : "Скрытые профили",
  "kick_option_on_4" : "не будут выгнаны из игры",
  "kick_option_on_5" : "будут выгнаны из игры",
  "player_whitelist" : "из списка друзей.",
  "player_blacklist" : "из черного списка.",
  "player_was_hidden" : "имеет скрытый Steam профиль.",
  "player_is_hidden" : "имеет скрытый Steam профиль.",
  "hours_kicked_1" : "выпизжен за малое кол-во часов в игре -",
  "hours_kicked_2" : ".",
  "hours_joined_1" : "наиграл",
  "hours_joined_2" : "часов",
  "cheater_ban" : "забанен за использование слишком большого количества очков навыков.",
  "perk_deck_kick_1" : "выпизжен за использование",
  "perk_deck_kick_2" : "перка",
  "perk_deck_kick_3" : "выпизжен за непрокаченный перкдек 0/9",
  "perk_deck_kick_4" : "выпизжен за слишком малый уровень INFAMY",
  "perk_deck_kick_5" : "выпизжен за слишком высокий INFAMY",
  "ngbto_local_message_title" : "Язык сообщения-приветствия",
  "ngbto_local_message_desc" : "Если галочка установлена - сообщение-приветствие будет отправлено другим игрокам на русском языке, если снята - на английском.",
  "that_one_string" : "",
  "ngbto_no_deployable_title" : "Нет доп. снаряжения",
  "ngbto_no_deployable_desc" : "Будут кикнуты игроки, у которых нет никакого доп. снаряжения. ТОЛЬКО ДЛЯ ГРОМКОГО ПОДХОДА (Работает только если игра уже была запущена)",
  "ngbto_single_turret_desc" : "Будут кикнуты игроки, у которых выбрана всего лишь 1 турель. ТОЛЬКО ДЛЯ ГРОМКОГО ПОДХОДА (Работает только если игра уже была запущена)",
  "ngbto_body_bags_desc" : "Будут кикнуты игроки, у которых выбраны мешки для трупов. ТОЛЬКО ДЛЯ ГРОМКОГО ПОДХОДА (Работает только если игра уже была запущена)",
  "ngbto_armor_kit_desc" : "Будут кикнуты игроки, у которых выбрана сумка с броней. ТОЛЬКО ДЛЯ ГРОМКОГО ПОДХОДА (Работает только если игра уже была запущена)",
  "ngbto_single_ecm_desc" : "Будут кикнуты игроки, у которых выбран всего лишь 1 генератор помех. ТОЛЬКО ДЛЯ ГРОМКОГО ПОДХОДА (Работает только если игра уже была запущена)",
  "ngbto_four_first_aid_kits_desc" : "Будут кикнуты игроки, у которых выбраны всего лишь 4 аптечки первой помощи. ТОЛЬКО ДЛЯ ГРОМКОГО ПОДХОДА (Работает только если игра уже была запущена)",
  "ngbto_pd2stats_title" : "Pd2stats Античит",
  "ngbto_pd2stats_desc" : "Использовать pd2stats античит для бана читеров",
  "pd2_cheater" : "играл с читами и был забанен.",
  "ngbto_hidden_infamy_v_title" : "Дурная репутация V-100 кик",
  "ngbto_hidden_infamy_v_desc" : "Кикать игроков со скрытыми профилями и репутацией V-100",
  "ngbto_hidden_infamy_xxv_title" : "Дурная репутация XXV-100 кик",
  "ngbto_hidden_infamy_xxv_desc" : "Кикать игроков со скрытыми профилями и репутацией XXV-100",
  "ngbto_incomplete_perk_deck_title" : "Неполный перкдек",
  "ngbto_incomplete_perk_deck_desc" : "Кикать игроков с неполным перкдеком Пример: Мошенник 8/9",
  "ngbto_armor_1_desc" : "Кикать игроков с костюмом-двойкой",
  "ngbto_armor_2_desc" : "Кикать игроков с легким баллистическим бронежилетом",
  "ngbto_armor_3_desc" : "Кикать игроков с баллистическим бронежилетом",
  "ngbto_armor_4_desc" : "Кикать игроков с тяжелым баллистическим бронежилетом",
  "ngbto_armor_5_desc" : "Кикать игроков с противоосколочным бронежилетом",
  "ngbto_armor_6_desc" : "Кикать игроков с комбинированным бронежилетом",
  "ngbto_armor_7_desc" : "Кикать игроков с улучшенным КТЖ",
  "infamyxxv_kick" : "имеет скрытый профиль при репутации XXV-100",
  "infamyv_kick" : "иимеет скрытый профиль при репутации V-100",
  "ngbto_hidden_infamy_maximum_title" : "Скрытые макс. infamy",
  "ngbto_hidden_infamy_maximum_desc" : "Максимальный уровень дурной репутации для скрытых профилей (Необходимо включить: Кикать скрытые профили и Скрытые infamy)",
  "NGBTO_Off" : "Мод выключен.",
  "ngbto_pd2stats_extra_title" : "Недостаточно завершенных ограблений",
  "ngbto_pd2stats_extra_desc" : "Черный список игроков с 'Недостаточно завершенных ограблений для достижения infamy'.\nЯ сделал это, потому что данная настройка имеет много ложных срабатываний.",
  "total_count_kick" : "завершил слишком мало ограблений",
  "deathwish_count_kick" : "завершил слишком мало ограблений на сложности Жажда Смерти",
  "ngbto_deathwish_heists_title" : "Значение для DW",
  "ngbto_deathwish_heists_desc" : "Кикать игроков, у которых недостаточно завершенных игр на сложности Жажда Смерти",
  "ngbto_deathwish_heists_number_title" : "Значение для DW",
  "ngbto_deathwish_heists_number_desc" : "Требуется: Значение для DW",
  "ngbto_total_heists_title" : "Общее значение",
  "ngbto_total_heists_desc" : "Кикать игроков, у которых недостаточно завершенных игр",
  "ngbto_total_heists_number_title" : "Общее значение",
  "ngbto_total_heists_number_desc" : "Требуется: Общее значение",
  "lobby_not_supported" : "Данное лобби автоматически выводит информацию о присоединении игрока и бане читеров",
  "ngbto_language_title" : "Язык",
  "ngbto_language_desc" : "Выберите язык мода (Необходимо будет перезапустить игру)",
  "ngbto_toggle_title" : "Кик игроков",
  "ngbto_toggle_desc" : "Данная настройка позволяет выключить мод в любой момент",
  "Newbie_Statistics" : "Статистика",
  "Newbie_Kills" : "Убийства",
  "Newbie_Spec_Kills" : "Спец. убийства",
  "Newbie_Headshots" : "Выстрелы в голову",
  "Newbie_Accuracy" : "Точность",
  "Newbie_Downs" : "Падения",
  "ngbto_statistics_title" : "Показывать статистику",
  "ngbto_statistics_desc" : "Отображать статистику в конце ограбления",
  "ngbto_skill_overlay_title" : "Показывать информацию в hud'е",
  "ngbto_skill_overlay_desc" : "При нажатии будет отображаться информация всем игрокам в HUD'е",
  "pd_anticheat_self" : "внутриигровый античит",
  "hidden_kick_on" : " Скрытые профили будут кикнуты",
  "ngbto_ingame_anticheat_title" : "Исп. внутриигровой античит",
  "ngbto_ingame_anticheat_desc" : "Банить людей, которые будут помечены внутриигровым античитом",
  "ngbto_manual_ban_title" : "Ручной бан",
  "ngbto_manual_ban_desc" : "Выбирает людей из текущего списка, чтобы добавить их в черный список",
  "Manual_ban_select" : "Выберите кого забанить",
  "Manual_ban_button" : "БАН",
  "ngbto_inspection_title" : "Осмотр игрока",
  "ngbto_inspection_desc" : "Отображает различную информацию о выбранном игроке",
  "player_inspection" : "Проверить выбранного игрока",
  "Back" : "Назад",
  "Level" : "Уровень",
  "clean" : "Очистить",
  "warning" : "ПРЕДУПРЕЖДЕНИЕ!",
  "Player" : "Игрок",
  "Playtime" : "Время игры",
  "Achievements" : "Достижения",
  "VAC_status" : "VAC статус",
  "Pd2Stats_check" : "Pd2Stats статус",
  "hidden" : "Скрытый",
  "manually_added_to_blacklist" : "добавлен в черный список",
  "Newbie_Kill_Per_Minute" : "KPM",
  "ngbto_detailed_skills_title" : "Детализированные очки навыков",
  "ngbto_detailed_skills_desc" : "Показать полную статистику навыков",
  "ngbto_options_anti_cheat" : "Анти-чит",
  "ngbto_options_anti_cheat_desc" : "Функции которые относятся к анти-чит системе, это сделает ваше лобби более безопасным против людей которые выбирают самый лёгкий путь",
  "ngbto_options_armor" : "Броня",
  "ngbto_options_armor_desc" : "Сортировка по броне",
  "ngbto_options_data_filters" : "Часовые фильтры",
  "ngbto_options_data_filters_desc" : "Фильтровать людей выбранным количеством игрового времени или количеством завершённых ограблений",
  "ngbto_options_deployables" : "Снаряжение",
  "ngbto_options_deployables_desc" : "Сортировка по выбранному снаряжению",
  "ngbto_options_extras" : "Информация",
  "ngbto_options_extras_desc" : "Выберите какая инофрмация будет выводится на экран вам, и другим игрокам",
  "ngbto_options_hidden" : "Скрытые/Приватные профили",
  "ngbto_options_hidden_desc" : "Сортировка по профилю",
  "ngbto_options_perk_decks" : "Перки",
  "ngbto_options_perk_decks_desc" : "Сортирвка по перкам",
  "ngbto_skill_cheats_title" : "Анти-Чит для очков навыков",
  "ngbto_skill_cheats_desc" : "Банить людей у которых больше 120 очков навыков",
  "ngbto_kick_type_title" : "Автоматический кик",
  "ngbto_kick_type_desc" : "Если включено, то это будет кикать людей автоматически, ещё это выводит им окно что бы прочитать кик сообщение до того, как быть кикнутым",
  "ngbto_remove_type_title" : "Тип кика",
  "ngbto_remove_type_desc" : "Каким путём это будет кикать людей из игры\nСкрытный кик: покажет ошибку отключения от сети и не даст им присоединиться\nПубличный кик: кикнет и не даст им присоединиться\nОтключение от сети: покажет ошибку отключения сети, но даст присоединиться снова",
  "hide_kick" : "Скрытный кик",
  "plain_kick" : "Публичный кик",
  "disconnect_person" : "Отключение от сети",
  "ngbto_options_infamy" : "Другое",
  "ngbto_options_infamy_desc" : "Фильтровать людей которые получили что-то быстрее, чем вы думаете возможно",
  "ngbto_infamy_10" : "Дурная репутация V - X",
  "ngbto_infamy_15" : "Дурная репутация XI - XV",
  "ngbto_infamy_20" : "Дурная репутация XVI - XX",
  "ngbto_infamy_24" : "Дурная репутация XXI - XXIV",
  "ngbto_infamy_25" : "Дурная репутация XXV",
  "ngbto_infamy_hours_desc" : "Минимальное количество часов за которые можно получить этот уровень дурной репутации\n(Нужно: Дурная репутация по часам)",
  "ngbto_infamy_check" : "Дурная репутация по часам",
  "ngbto_infamy_check_desc" : "Когда выбрано, вы сможете использовать фильтры ниже",
  "fast_infamy" : "полученный уровень дурной репутации",
  "too_fast" : "слишком быстро",
  "achievements_too_fast" : "получено",
  "ngbto_achievements_check" : "Достижения по часам",
  "ngbto_achievements_check_desc" : "Фильтровать людей которые имеют больше 370 достижений и меньше 300 часов",
  "ngbto_detection_loud_title" : "Обнаружение Громко",
  "ngbto_detection_loud_desc" : "Фильтровать людей по количеству очков обнаружения\n(Работает только когда игра имеет тэг:Громко)",
  "ngbto_detection_loud_value_title" : "Количество очков обнаружения Громко",
  "ngbto_detection_loud_value_desc" : "Это будет кикать всех у кого меньше очков обнаружения\n(Включает: Обнаружение Громко)",
  "ngbto_detection_stealth_title" : "Обнаружение Стелс",
  "ngbto_detection_stealth_desc" : "Фильтровать всех по количеству очков обнаружения\n(Работает только кога игра имеет тэг:Стелс)",
  "ngbto_detection_stealth_value_title" : "Количество очков обнаружения Стелс",
  "ngbto_detection_stealth_value_desc" : "Это будет кикать всех у кого больше очков обнаружения\n(Включает: Обнаружение Громко)",
  "ngbto_detection_too_high" : "кикнут за слишком больше количество очков обнаружения",
  "ngbto_detection_too_low" : "кикнут за слишком маленькое количество очков обнаружения",
  "ngbto_first_aid_kit_desc" : "Будет кикать людей с аптечками первой помощи\n(Работает только когда игра начата или в меню планирования)",
  "ngbto_trip_mine_desc" : "Будет кикать людей с минами\n(Работает только когда игра начата или в меню планирования)",
  "ngbto_doctor_bag_desc" : "Будет кикать людей с аптечками\n(Работает только когда игра начата или в меню планирования)",
  "ngbto_ammo_bag_desc" : "Будет кикать людей с патронами\n(Работает только когда игра начата или в меню планирования)",
  "ngbto_four_first_aid_kits" : "Четыре аптечки первой помощи"
}