{"DamageIndicator":{"FRIENDLY_FIRE_COLOR":"orange","HEALTH_COLOR":"red","MAX_AMOUNT":10,"ENABLED":true,"VEHICLE_COLOR":"yellow","DURATION":2,"CRIT_COLOR":"purple","SIZE":150,"SHIELD_COLOR":"gray"},"DamagePopup":{"HEIGHT":20,"SCALE":1,"DISPLAY_MODE":2,"ALPHA":1,"COLOR":"yellow","DURATION":3,"HEADSHOT_COLOR":"red","SKULL_SCALE":1.2,"SKULL_ALIGN":1},"HUDList":{"RIGHT_LIST":{"show_minion_count":true,"show_turrets":true,"show_cam_count":true,"aggregate_enemies":false,"aggregate_loot":false,"show_loot":true,"show_corpse_count":false,"show_pager_count":true,"show_special_pickups":true,"aggregate_hostages":false,"show_hostages":true,"SHOW_PICKUP_CATEGORIES":{"mission_pickups":true,"valuables":true,"collectables":true},"show_enemies":true,"separate_bagged_loot":true,"show_potential_loot":false,"show_civilians":true,"show_bodybags_count":true},"BUFF_LIST":{"TECHNICIAN_BUFFS":{"lock_n_load":true},"damage_reduction":true,"melee_damage_increase":true,"PERK_BUFFS":{"tooth_and_claw":true,"grinder":true,"ammo_give_out_debuff":true,"muscle_regen":false,"anarchist_armor_recovery_debuff":true,"armor_break_invulnerable":true,"overdog":false,"biker":true,"armorer":true,"yakuza":true,"sociopath_debuff":true,"sicario_dodge":true,"smoke_screen_grenade":true,"chico_injector":true,"close_contact":true,"melee_stack_damage":false,"maniac":false,"hostage_situation":true,"crew_chief":true,"medical_supplies_debuff":true,"life_drain_debuff":true},"damage_increase":true,"GHOST_BUFFS":{"dire_need":true,"sixth_sense":true,"unseen_strike":true,"second_wind":true},"show_buffs":true,"AI_SKILLS":{"crew_health_regen":false,"crew_inspire_debuff":true,"crew_throwable_regen":true},"GAGE_BOOSTS":{"life_steal_debuff":true,"invulnerable_buff":true},"MASTERMIND_BUFFS":{"partner_in_crime":true,"aggressive_reload_aced":true,"combat_medic":true,"uppers":true,"painkiller":true,"inspire_debuff":true,"inspire":true,"hostage_taker":true,"quick_fix":true,"forced_friendship":true,"inspire_revive_debuff":true,"combat_medic_passive":true,"ammo_efficiency":true},"total_dodge_chance":true,"ENFORCER_BUFFS":{"bullseye_debuff":true,"die_hard":false,"underdog":true,"bulletproof":true,"overkill":true,"bullet_storm":true},"FUGITIVE_BUFFS":{"desperado":true,"bloodthirst_basic":true,"running_from_death":true,"swan_song":true,"bloodthirst_aced":true,"berserker":true,"frenzy":true,"up_you_go":true,"trigger_happy":true,"messiah":true},"passive_health_regen":true},"thug_color":"white","enemy_color":"white","ENABLED":true,"civilian_color":"white","list_color_bg":"black","LEFT_LIST":{"show_timers":true,"show_tape_loop":true,"show_pagers":true,"show_own_minions_only":false,"show_doc_bags":true,"show_body_bags":true,"show_grenade_crates":true,"show_ecms":true,"show_ecm_retrigger":true,"show_first_aid_kits":false,"show_ammo_bags":true,"show_sentries":true,"show_minions":true},"left_list_progress_alpha":0.4,"buff_list_scale":1,"special_color":"white","left_list_scale":1,"list_color":"white","right_list_scale":1,"right_list_progress_alpha":0.4,"buff_list_progress_alpha":1},"MOD_OVERRIDES":{"fed_inv":true},"INVENTORY":{"USE_REAL_WEAPON_NAMES":false,"SHOW_SKILL_NAMES":true,"SHOW_WEAPON_MINI_ICONS":true,"SHOW_WEAPON_NAMES":true,"CUSTOM_TAB_NAMES":{"secondaries":["","","","","","","","","","","","","","","","","","","",""],"masks":["","","","","","","","","","","","","","","","","","","",""],"primaries":["","","","","","","","","","","","","","","","","","","",""],"melee_weapons":["","","","","","","","","","","","","","","","","","","",""]}},"EQUIPMENT":{"SENTRY_AUTO_AP":true,"SHAPED_CHARGE_STEALTH_DISABLED":true,"ECM_FEEDBACK_STEALTH_DISABLED":true,"ENABLE_BURSTMODE":false,"KEYCARD_DOORS_DISABLED":true},"AssaultBanner":{"USE_ADV_ASSAULT":true,"POSITION":2},"SkipIt":{"STAT_SCREEN_SPEEDUP":true,"INSTANT_RESTART":false,"NO_SLOWMOTION":true,"AUTOPICK_CARD_SPECIFIC":4,"SKIP_BLACKSCREEN":true,"LOOT_SCREEN_DELAY":3,"STAT_SCREEN_DELAY":5,"AUTOPICK_CARD":false},"EnemyHealthbar":{"ENABLED":true,"SHOW_POINTER":false,"SHOW_CIVILIAN":false,"SHOW_VEHICLE":true},"HUDChat":{"WIDTH":380,"LINE_HEIGHT":15,"MAX_INPUT_LINES":5,"SPAM_FILTER":true,"COLORED_BG":true,"SCROLLBAR_ALIGN":2,"CHAT_WAIT_TIME":10,"MAX_OUTPUT_LINES":8},"CrewLoadout":{"SHOW_ON_STATS_PANEL":true,"REPLACE_PROFILE_MENU":true,"SHOW_IN_CS_LOBBY":true,"REPLACE_IN_BRIEFING":true,"SHOW_IN_LOBBY":true},"LOBBY_SETTINGS":{"team_ai_option":1,"difficulty":"normal","reputation_permission":100,"kick_option":1,"team_ai":true,"permission":"private","drop_in_option":1,"auto_kick":false,"job_plan":1},"TabStats":{"COLOR":"rainbow","SHOW_LOOT_NUMBERS":true,"ENABLED":true,"FONT_SIZE":18,"SHOW_MASK":true,"CLOCK_MODE":3},"DrivingHUD":{"SHOW_HEALTH":true,"SPEED_IN_MPH":false,"ENABLED":true,"SHOW_SPEED":true,"SCALE":1,"SHOW_LOOT":true,"SHOW_VEHICLE":true,"SHOW_GEAR":true,"SHOW_RPM":true,"SHOW_PASSENGERS":true},"INTERACTION":{"SHOW_LOCK_INDICATOR":true,"SHOW_RELOAD":true,"LOCK_MODE":3,"HOLD2PICK":true,"TIMER_SCALE":1,"SHOW_TIME_REMAINING_OUTLINE":false,"SHOW_MELEE":true,"SHOW_CIRCLE":true,"SHOW_TIME_REMAINING":true,"GRADIENT_COLOR_START":"white","CIRCLE_SCALE":0.8,"MIN_TIMER_DURATION":0,"SHOW_INTERRUPT_HINT":true,"SUPRESS_NADES_STEALTH":true,"GRADIENT_COLOR":"light_green","EQUIPMENT_PRESS_INTERRUPT":true,"TEXT_SCALE":0.8},"HUDSuspicion":{"SHOW_PERCENTAGE":true,"SHOW_BARS":true,"SHOW_PERCENTAGE_OUTLINE":true,"REMOVE_ANSWERED_PAGER_CONTOUR":true,"SCALE":0.8,"SHOW_PACIFIED_CIVILIANS":true},"CustomHUD":{"ENABLED":true,"USE_REAL_AMMO":true,"PLAYER":{"STAMINA":true,"NAME":true,"OPACITY":0.85,"POSITION":3,"SHOW_ACCURACY":true,"STATUS":true,"CHARACTER":false,"EQUIPMENT":true,"CALLSIGN":false,"TRUNCATE_TAGS":false,"CARRY":true,"SCALE":1,"SPECIAL_EQUIPMENT":true,"KILLCOUNTER":{"SHOW_SPECIAL_KILLS":true,"HIDE":false,"COLOR":"yellow","SHOW_HEADSHOT_KILLS":true},"SPECIAL_EQUIPMENT_ROWS":3,"CONDITION_ICON_COLOR":"white","WEAPON":{"FIREMODE":2,"AMMO":4,"ICON":1,"NAME":4},"RANK":false,"DOWNCOUNTER":true},"TEAMMATE":{"DOWNCOUNTER":true,"NAME":true,"OPACITY":0.85,"POSITION":3,"BUILD":{"DURATION":15,"HIDE":false},"LATENCY":true,"STATUS":true,"CHARACTER":false,"EQUIPMENT":true,"CALLSIGN":false,"TRUNCATE_TAGS":false,"CARRY":true,"SCALE":0.8,"SPECIAL_EQUIPMENT":true,"KILLCOUNTER":{"SHOW_HEADSHOT_KILLS":true,"COLOR":"yellow","SHOW_SPECIAL_KILLS":true,"HIDE":false,"SHOW_BOT_KILLS":true},"INTERACTION":{"MIN_DURATION":1,"NUMBER":true,"HIDE":false,"TEXT":true},"SPECIAL_EQUIPMENT_ROWS":3,"CONDITION_ICON_COLOR":"white","WEAPON":{"FIREMODE":1,"AMMO":4,"ICON":1,"NAME":1},"AI_COLOR":{"COLOR":"white","USE":false},"RANK":true}},"CustomWaypoints":{"SHOW_ECMS":false,"SHOW_PAGER":false,"LOOT":{"ANGLE":25,"ICON":true,"OFFSET":15,"SHOW":true,"BAGGED_OFFSET":30},"SHOW_DOC_BAG":true,"SHOW_GRENADE_CRATE":true,"SHOW_SPECIAL_EQUIPMENT":false,"SHOW_MINIONS":true,"SHOW_BODY_BAG":true,"SHOW_TIMERS":false,"WAYPOINTS_COLOR":"white","SHOW_SENTRIES":false,"SHOW_AMMO_BAG":true,"SHOW_FIRST_AID_KIT":false},"GADGETS":{"flashlight":{"player":{"rainbow":{"frequency":0.25,"enabled":false},"light":{"b":1,"angle":60,"r":1,"g":1,"range":10,"brightness":1},"pulse":{"max":2,"enabled":false,"min":0.5,"frequency":0.25}},"team":{"rainbow":{"frequency":0.25,"enabled":false},"light":{"b":1,"angle":60,"r":1,"g":1,"range":10,"brightness":1},"pulse":{"max":2,"enabled":false,"min":0.5,"frequency":0.25}}},"SHOW_ANGELED_SIGHT":true,"laser":{"player":{"pulse":{"max":2,"enabled":false,"min":0.5,"frequency":0.25},"rainbow":{"frequency":3.4,"enabled":true},"glow":{"b":0,"match_beam":true,"r":0,"a":0.02,"g":1},"dot":{"b":0,"match_beam":true,"r":0,"a":1,"g":1},"beam":{"r":0,"b":0,"a":0.15,"g":1}},"turret_module_mad":{"pulse":{"max":2,"enabled":false,"min":0.5,"frequency":0.25},"rainbow":{"frequency":0.25,"enabled":false},"glow":{"b":0,"match_beam":true,"r":0,"a":0.02,"g":1},"dot":{"b":0,"match_beam":true,"r":0,"a":1,"g":1},"beam":{"r":0,"b":0,"a":0.15,"g":1}},"team_sentry":{"pulse":{"max":2,"enabled":false,"min":0.5,"frequency":0.25},"rainbow":{"frequency":0.25,"enabled":false},"glow":{"b":0,"match_beam":true,"r":0,"a":0.02,"g":1},"dot":{"b":0,"match_beam":true,"r":0,"a":1,"g":1},"beam":{"r":0,"b":0,"a":0.05,"g":1}},"player_sentry":{"pulse":{"max":2,"enabled":false,"min":0.5,"frequency":0.25},"rainbow":{"frequency":0.25,"enabled":true},"glow":{"b":0,"match_beam":true,"r":0,"a":0.02,"g":1},"dot":{"b":0,"match_beam":true,"r":0,"a":1,"g":1},"beam":{"r":0,"b":0,"a":0.05,"g":1}},"turret_module_rearming":{"pulse":{"max":2,"enabled":false,"min":0.5,"frequency":0.25},"rainbow":{"frequency":0.25,"enabled":false},"glow":{"b":0,"match_beam":true,"r":1,"a":0.02,"g":1},"dot":{"b":0,"match_beam":true,"r":1,"a":1,"g":1},"beam":{"r":1,"b":0,"a":0.11,"g":1}},"cop_sniper":{"pulse":{"max":2,"enabled":false,"min":0.5,"frequency":0.25},"rainbow":{"frequency":0.25,"enabled":false},"glow":{"b":0,"match_beam":true,"r":1,"a":0.02,"g":0},"dot":{"b":0,"match_beam":true,"r":1,"a":1,"g":0},"beam":{"r":1,"b":0,"a":0.15,"g":0}},"turret_module_active":{"pulse":{"max":2,"enabled":false,"min":0.5,"frequency":0.25},"rainbow":{"frequency":0.25,"enabled":false},"glow":{"b":0,"match_beam":true,"r":1,"a":0.02,"g":0},"dot":{"b":0,"match_beam":true,"r":1,"a":1,"g":0},"beam":{"r":1,"b":0,"a":0.15,"g":0}},"team":{"pulse":{"max":2,"enabled":false,"min":0.5,"frequency":0.25},"rainbow":{"frequency":0.25,"enabled":false},"glow":{"b":0,"match_beam":true,"r":0,"a":0.02,"g":1},"dot":{"b":0,"match_beam":true,"r":0,"a":1,"g":1},"beam":{"r":0,"b":0,"a":0.05,"g":1}}},"LASER_AUTO_ON":true}}