{
	"menu_jowi" : "Wick",
	"hud_int_hold_grab_the_bag" : "Manten $BTN_INTERACT para tomar $BAG",

	"wolfhud_dialog_force_start_title" : "¿Forzar inicio de partida?",
	"wolfhud_dialog_force_start_desc" : "¿Estas seguro que deseas forzar el inicio de la partida?\n\nPor favor solo usa esto en lobbies bugeados, o si un jugador esta afk.\nAsegurate de que todos tienen el tiempo suficiente para elegir su equipo.\n\nGracias :)",
	"wolfhud_dialog_install_title" : "Instalar: $NAME",
	"wolfhud_dialog_install_desc" : "¿Desas instalar '$NAME'?",
	"wolfhud_dialog_remind_later" : "Preguntame mas tarde",
	"wolfhud_dialog_install_fed_inv_desc" : "Federal Inventory es un mod override, que te entrega iconos coloridos para tus armas, mascaras y desplegables.\nSe ve bien al usarlo junto CustomHUD y usara el actualizador de BLT..",
	"wolfhud_dialog_rename_inv_tab" : "Renombrar la pagina del inventario",
	"wolfhud_dialog_rename_inv_tab_desc" : "Por favor ingresa el nuevo nombre para la esta pagina del inventario.",
	"wolfhud_dialog_save" : "Guardar",
	"woldhud_notification_disabled_override_title" : "WolfHUD: $NAME esta actualmente desactivado.",
	"woldhud_notification_disabled_override_desc" : "Si cambiaste de opinion, da click para que te pregunten nuevamente.",
	"woldhud_notification_restart_override_title" : "WolfHUD: $NAME esta listo para ser instalado.",
	"woldhud_notification_restart_override_desc" : "Por favor reinicia el juego para iniciar la descarga.",

	"wolfhud_int_locked" : "PRESIONA $BTN_CANCEL PARA INTERRUMPIR",
	"wolfhud_int_locked_pager" : "PRESIONA $BTN_CANCEL PARA INTERRUMPIR\n(ACTIVA ALARMA)",

	"wolfhud_buy_all_assets" : "Comprar todo",
	"wolfhud_buy_all_assets_desc" : "Compra todos los assets que tienes permitido comprar.",

	"wolfhud_preplanning_save" : "Guardar Planeacion",
	"wolfhud_preplanning_load" : "Cargar Planeacion",
	"wolfhud_preplanning_reset" : "Reiniciar Planeacion",
	"wolfhud_preplanning_reset_all" : "Reiniciar todo",
	"wolfhud_preplanning_delete" : "Borrar Planeacion",
	"wolfhud_preplanning_save_tooltip_title" : "Guardar Planeacion actual:",
	"wolfhud_preplanning_save_tooltip_desc" : "Guarda tu Planeacion actual, para cargala rapidamente la proxima vez que juegues esta mision.",
	"wolfhud_preplanning_load_tooltip_title" : "Cargar ultima Planeacion:",
	"wolfhud_preplanning_load_tooltip_desc" : "Abre un menu con todas las planeaciones guardadas.",
	"wolfhud_preplanning_reset_tooltip_title" : "Reinicia la Planeacion actual:",
	"wolfhud_preplanning_reset_tooltip_desc" : "Remueve todos tus assets de la planacion actual, incluyendo tus votos.",
	"wolfhud_preplanning_reset_all_tooltip_title" : "Reiniciar la planeacion completa:",
	"wolfhud_preplanning_reset_all_tooltip_desc" : "Remueve los assets de todos de la planeacion actual, incluyendo tus votos.",
	"wolfhud_preplanning_delete_tooltip_title" : "Borrar Planeacion guardada",
	"wolfhud_preplanning_delete_tooltip_desc" : "Limpia tus planeaciones guardadas y elimina algunas.",
	"wolfhud_preplanning_manager_title" : "Administrador de Planeacion",
	"wolfhud_preplanning_error_no_saved_plans" : "No se han guardado Planeaciones.",
	"wolfhud_preplanning_error_max_plans_reached" : "Maxima cantidad de Planeaciones alcanzada.",
	"wolfhud_preplanning_votes_title" : "Votos:",
	"wolfhud_preplanning_assets_title" : "Assets:",
	"wolfhud_preplanning_dialog_save" : "¿Guardar Planeacion?",
	"wolfhud_preplanning_dialog_save_desc" : "$PLAN\n\n\nPor favor ingresa un nombre para esta planeacion.\n(Usando el nombre de una planeacion esistente la sobreescribira.)",
	"wolfhud_preplanning_dialog_delete" : "¿Borrar Planeacion?",
	"wolfhud_preplanning_dialog_delete_desc" : "Estas segyro que deseas borrar la Planeacion '$NAME'?",
	"wolfhud_preplanning_msg_saved_success" : "Planeacion actual guardada correctamente.",
	"wolfhud_preplanning_msg_saved_failed" : "Ha ocurrido un error guardando la planeacion.",
	"wolfhud_preplanning_msg_no_save_slot" : "Numero maximo de Planeaciones alcanzado.",
	"wolfhud_preplanning_msg_no_current_plan" : "No tienes nada planeado, que puede ser guardado.",
	"wolfhud_preplanning_msg_loaded_success" : "Planeacion fue guardada correctamente.",
	"wolfhud_preplanning_msg_loaded_failed" : "Un error ha ocurrido al cargar la planeacion.",
	"wolfhud_preplanning_msg_loaded_partitially" : "Planeacion cargada parcialmente: $ERRORMSG",
	"wolfhud_preplanning_msg_loaded_missing_skill" : "Olvidaste una Habilidad",
	"wolfhud_preplanning_msg_loaded_missing_favours" : "No alcanzan tus favores",
	"wolfhud_preplanning_msg_loaded_missing_money" : "No alcanza tu dinero",
	"wolfhud_preplanning_msg_reseted_success" : "Reinicio del plan actual.",
	"wolfhud_preplanning_msg_reseted_failed" : "Un error ha ocurrido al reiniciar la planeacion actual.",
	"wolfhud_preplanning_msg_deleted_success" : "Planeacion eliminada correctamente.",
	"wolfhud_preplanning_msg_deleted_failed" : "Un error ha ocurrido al borrar el plan guardado.",

	"wolfhud_inv_tab_rename_hint" : "Doble click en la pestaña del inventario seleccionada para renombrarla.",

	"wolfhud_loadout_hours_played" : "$HOURS horas.",

    "wolfhud_profile_switch_title" : "Cambiar Perfiles",
    "wolfhud_profile_switch_title_profiles" : "Perfil:",

	"victory_most_damage" : "Daño mas Alto:",
	"victory_session_damage" : "Daño Total:",

	"wolfhud_advassault_phase_title" : "Fase de Asalto: ",
	"wolfhud_advassault_spawns_title" : "Spawns Restantes: ",
	"wolfhud_advassault_time_title" : "Tiempo Restante: ",
	"wolfhud_advassault_phase_anticipation" : "Anticipation",
	"wolfhud_advassault_phase_build" : "Construir",
	"wolfhud_advassault_phase_sustain" : "Mantener",
	"wolfhud_advassault_phase_fade" : "Disolver",
	"wolfhud_advassault_time_overdue" : "ATRASADO",
	"wolfhud_locked_assault" : "¡¡¡Asalto Policial sin Limite!!!  ¡¡¡Sal lo mas rapido posible!!!",

	"wolfhud_customhud_interaction_done" : "COMPLETADO",
	"wolfhud_customhud_interaction_aborted" : "ABORTADO",

	"wolfhud_hudlist_device_timer" : "Contador",
	"wolfhud_hudlist_device_drill" : "Taladro",
	"wolfhud_hudlist_device_hack" : "Hackeo",
	"wolfhud_hudlist_device_saw" : "Sierra",
	"wolfhud_hudlist_loot_armor" : "Armadura",
	"wolfhud_hudlist_loot_bomb" : "Bomba",
	"wolfhud_hudlist_loot_weapon" : "Arma",
	"wolfhud_hudlist_loot_diamond" : "Diamante",
	"wolfhud_hudlist_loot_evidence" : "Evidencia",
	"wolfhud_hudlist_loot_toast" : "Toast",
	"wolfhud_hudlist_loot_crate" : "Caja",
	"wolfhud_hudlist_loot_toothbrush" : "Cepillo",
	"wolfhud_hudlist_loot_bag" : "Bolsa",
	"wolfhud_hudlist_loot_shoes" : "Zapato",
	"wolfhud_hudlist_loot_toy" : "Juguete",
	"wolfhud_hudlist_loot_vr" : "Casco",

	"wolfhud_hudlist_buff_basic" : "Basico",
	"wolfhud_hudlist_buff_aced" : "As",
	"wolfhud_hudlist_buff_boost" : "Boost",
	"wolfhud_hudlist_buff_revive" : "Revivir",
	"wolfhud_hudlist_buff_crew_inspire_debuff" : "Revivir (AI)",
	"wolfhud_hudlist_buff_dmg_inc" : "+Dmg",
	"wolfhud_hudlist_buff_dmg_dec" : "-Dmg",
	"wolfhud_hudlist_buff_mdmg_inc" : "+M.Dmg",
	"wolfhud_hudlist_buff_phealth_reg" : "+HP",
	"wolfhud_hudlist_buff_tot_dodge" : "%Dodge",

	"wolfhud_tabstats_total_damage" : "Daño Total:",
	"wolfhud_tabstats_tanks_killed" : "Bulldozers eliminados:",
	"wolfhud_tabstats_cloakers_killed" : "Cloakers eliminados:",
	"wolfhud_tabstats_shields_killed" : "Shields eliminados:",
	"wolfhud_tabstats_snipers_killed" : "Snipers eliminados:",
	"wolfhud_tabstats_tasers_killed" : "Tasers eliminados:",
	"wolfhud_tabstats_gensec_killed" : "GENSEC eliminados:",
	"wolfhud_tabstats_medic_killed" : "Medicos eliminados:",
	"wolfhud_tabstats_melee_kills" : "Elim. Cuerpo a Cuerpo:",
	"wolfhud_tabstats_explosion_kills" : "Elim. por Explosion:",
	"wolfhud_tabstats_nonspecial_kills" : "Elim. no Especiales:",
	"wolfhud_tabstats_total_revives" : "Revividos Totales (P/AI):",
	"wolfhud_tabstats_alltime_stat" : "Todo el Tiempo:",

	"wolfhud_enemy_civilian" : "Civil",
	"wolfhud_enemy_gangster" : "Gangster",
	"wolfhud_enemy_biker" : "Motoquero",
	"wolfhud_enemy_bolivian_security" : "Seguridad de Sosa",
	"wolfhud_enemy_bolivian_thug" : "Maton de Sosa",
	"wolfhud_enemy_mobster" : "Gangster Ruso",
	"wolfhud_enemy_security" : "Guardia de Seguridad",
	"wolfhud_enemy_gensec" : "Unidad GENSEC",
	"wolfhud_enemy_cop" : "Oficial de Policia",
	"wolfhud_enemy_fbi" : "Unidad del FBI",
	"wolfhud_enemy_swat" : "Unidad SWAT",
	"wolfhud_enemy_heavy_swat" : "SWAT Pesado",
	"wolfhud_enemy_heavy_swat_sniper" : "Heavy SWAT Sniper",
	"wolfhud_enemy_city_swat" : "Unidad de Elite",
	"wolfhud_enemy_shield" : "Shield",
	"wolfhud_enemy_spook" : "Cloaker",
	"wolfhud_enemy_taser" : "Taser",
	"wolfhud_enemy_sniper" : "Francotirador",
	"wolfhud_enemy_medic" : "Medico",
	"wolfhud_enemy_tank" : "Bulldozer",
	"wolfhud_enemy_tank_hw" : "Dozer sin Cabeza",
	"wolfhud_enemy_tank_medic" : "Medic Dozer",
	"wolfhud_enemy_tank_mini" : "Minigun Dozer",
	"wolfhud_enemy_phalanx_minion" : "Shield de Invierno",
	"wolfhud_enemy_phalanx_vip" : "Capitan Winters",
	"wolfhud_enemy_swat_van" : "TORRETA SWAT",
	"wolfhud_enemy_ceiling_turret" : "TORRETA",
	"wolfhud_enemy_sentry_gun" : "CENTINELA",
	"wolfhud_enemy_mobster_boss" : "The Comisario",
	"wolfhud_enemy_chavez_boss" : "Chavez",
	"wolfhud_enemy_druglord_boss" : "Jefazo de Sosa",
	"wolfhud_enemy_druglord_boss_stealth" : "Jefe de Sosa",
	"wolfhud_enemy_biker_boss" : "Jefe de Moteros",
	"wolfhud_enemy_bank_manager" : "Adminstrador del Banco",
	"wolfhud_enemy_inside_man" : "Hombre del Interior",
	"wolfhud_enemy_escort_undercover" : "Taxista",
	"wolfhud_enemy_escort_heatstreet" : "Matt",
	"wolfhud_enemy_escort_chinese_prisoner" : "Kazo",
	"wolfhud_enemy_drunk_pilot" : "Piloto Borracho",
	"wolfhud_enemy_escort" : "Escolta",
	"wolfhud_enemy_boris" : "Boris",
	"wolfhud_enemy_spa_vip" : "Charon",
	"wolfhud_enemy_spa_vip_hurt" : "Charon (Herido)",
	"wolfhud_enemy_old_hoxton_mission" : "Hoxton",
	"wolfhud_enemy_locke_mission" : "Locke",
	"wolfhud_enemy_hector_boss" : "Hector Armado",
	"wolfhud_enemy_hector_boss_no_armor" : "Hector",
	"wolfhud_enemy_crew" : "Miembro de la Crew",
	"wolfhud_enemy_butler" : "Aldstone",
	"wolfhud_enemy_vlad" : "Vlad",

	"wolfhud_enemy_boom" : "Grenadier",
	"wolfhud_enemy_omnia_lpf" : "OMNIA L.P.F.",
	"wolfhud_enemy_summers" : "Captain Summers",
	"wolfhud_enemy_boom_summers" : "Major Molly",
	"wolfhud_enemy_taser_summers" : "Engineer Electrika",
	"wolfhud_enemy_medic_summers" : "Sergeant Doc",
	"wolfhud_enemy_spring" : "Captain Spring",
	"wolfhud_enemy_fbi_vet" : "Veteran Cop",

	"wolfhud_multiselect_all" : "Todos",
	"wolfhud_multiselect_none" : "Ninguno",
	"wolfhud_multiselect_disabled" : "Desactivado",
	"wolfhud_multiselect_random" : "Random",
	"wolfhud_multiselect_left" : "Izquierda",
	"wolfhud_multiselect_center" : "Centro",
	"wolfhud_multiselect_right" : "Derecha",

	"wolfhud_colors_white"  : "Blanco",
	"wolfhud_colors_light_yellow"  : "Amarillo Claro",
	"wolfhud_colors_light_orange"  : "Naranjo Claro",
	"wolfhud_colors_light_red"  : "Rojo Claro",
	"wolfhud_colors_light_purple"  : "Morado Claro",
	"wolfhud_colors_light_green"  : "Verde Claro",
	"wolfhud_colors_light_blue"  : "Celeste",
	"wolfhud_colors_light_gray" : "Gris Claro",
	"wolfhud_colors_yellow"  : "Amarillo",
	"wolfhud_colors_orange"  : "Naranjo",
	"wolfhud_colors_red" : "Rojo",
	"wolfhud_colors_purple" : "Morado",
	"wolfhud_colors_green" : "Verde",
	"wolfhud_colors_blue" : "Azul",
	"wolfhud_colors_gray" : "Gris",
	"wolfhud_colors_black" : "Blanco",
	"wolfhud_colors_rainbow" : "Arcoiris",

	"wolfhud_options_name" : "Ajustes de WolfHUD",
	"wolfhud_options_help" : "Personaliza WolfHUD a tu estilo.",

	"wolfhud_skip_blackscreen_title" : "Saltar Pantalla Negra",
	"wolfhud_skip_blackscreen_desc" : "Automaticamente saltar la pantalla negra al iniciar la mision.\n(Solo Host)",
	"wolfhud_instant_restart_title" : "Reinicio Instantaneo",
	"wolfhud_instant_restart_desc" : "Saltar automaticamente la cuenta regresiva de 5 segundos antes de reiniciar lobbies online.\n(Solo Host)",
	"wolfhud_stat_screen_speedup_title" : "Aumento de Velocidad en Estadisticas",
	"wolfhud_stat_screen_speedup_desc" : "Aumentar automaticamente la velocidad al contar la experiencia, sin tener que mantener presionado espacio.",
	"wolfhud_stat_screen_delay_title" : "Delay de la pantalla de Estadisticas",
	"wolfhud_stat_screen_delay_desc" : "Procede X segundos, despues de que tu experiencia sea contada.\n(Solo Host, 0 = desactivado) ",
	"wolfhud_loot_screen_pick_card_title" : "Automaticamente elegir tarjeta",
	"wolfhud_loot_screen_pick_card_desc" : "Elige automaticamente una tarjeta, cuando la pantalla de seleccion se muestra.",
	"wolfhud_loot_screen_pick_specific_card_title" : "Auto pick specific card",
	"wolfhud_loot_screen_pick_specific_card_desc" : "Specify which card to pick automatically.",
	"wolfhud_loot_screen_delay_title" : "Delay de la seleccion de tarjeta",
	"wolfhud_loot_screen_delay_desc" : "Procede X segundos despues de que hayas recibido tarjeta.\n(Solo Host, 0 = desactivado)",
	"wolfhud_replace_weapon_names_title" : "Nombres reales de armas",
	"wolfhud_replace_weapon_names_desc" : "Reemplaza los nombres de la armas con sus contrapartes del Mundo Real.\n(Un cambio de mapa es requerido para aplicar...)",
	"wolfhud_inventory_tab_names_title" : "Usar nombres en pestañas del inventario",
	"wolfhud_inventory_tab_names_desc" : "Personaliza los nombres de las pestañas de tu inventario.\n(Cambia los nombres editando '/mods/saves/WolfHUD_InventoryNames.txt')",
	"wolfhud_inventory_names_title" : "Mostrar nombre de objeto en inventario",
	"wolfhud_inventory_names_desc" : "Muestra los nombres de tus armas, armadura, desplegables, etc. dentro de su espacio en el inventario.",
	"wolfhud_skill_names_title" : "Mostrar nombre de habilidades",
	"wolfhud_skill_names_desc" : "Mostrar siempre el nombre de las habilidades en la vista del arbol de habilidades.",
	"wolfhud_show_mini_icons_title" : "Siempre mostrar Mini-Iconos",
	"wolfhud_show_mini_icons_desc" : "Siempre mostrar los iconos de las modificaciones de todas las armas, no solo la seleccionada.",
	"wolfhud_no_slowmotion_title" : "Sin Slow Motion",
	"wolfhud_no_slowmotion_desc" : "Desactiva el Slow Motion al colocarse la mascara o ser derribado.",
	"wolfhud_reset_options_title" : "Reiniciar Ajustes",
	"wolfhud_reset_options_desc" : "Reinicia todos los Ajustes a su valor por defecto.",
	"wolfhud_reset_options_confirm" : "¿Estas seguro que deseas reiniciar todos los Ajustes a su valor por defecto?",

	"wolfhud_panels_options_name" : "Opciones generales de la HUD",
	"wolfhud_panels_options_help" : "Opciones para todos los paneles generales de la HUD, como CustomHUD, Suspicion, Indicadores de Daño, DrivingHUD y mucho mas.",

	"wolfhud_use_customhud_title" : "Usar CustomHUD",
	"wolfhud_use_customhud_desc" : "Reemplaza la HUD por defecto con la avanzada CustomHUD, creada por Se7en.\n(Un cambio de mapa es requerido para aplicar...)",
	"wolfhud_adv_assault_title" : "Banner de Asalto Avanzado",
	"wolfhud_adv_assault_desc" : "Muestra la fase de asalto, tiempo y spawns restantes durante el asalto.\n(Solo Host)",
	"wolfhud_assault_position_title": "Posicion del Asalto",
	"wolfhud_assault_position_desc" : "Posicion Horizontal de el banner de Asalto.",
	"wolfhud_pacified_civs_title" : "Mostrar Civiles Calmados",
	"wolfhud_pacified_civs_desc" : "Cambia el marcador de los civiles no atados, mientras que esten calmados.",
	"wolfhud_use_realammo_title" : "Usar municion real",
	"wolfhud_use_realammo_desc" : "Muestra la muncion restante, sin contar las balas dentro de tu cargador actual.",
	"wolfhud_enable_burstmode_title" : "Activar el modo Rafaga",
	"wolfhud_enable_burstmode_desc" : "Activa el modo Rafaga para tus armas.",

	"wolfhud_playerpanel_options_name" : "Panel del Jugador",
	"wolfhud_playerpanel_options_help" : "Ajustes para tu propio panel en la HUD.",

	"wolfhud_teampanels_options_name" : "Panel de Compañeros",
	"wolfhud_teampanels_options_help" : "Ajustes para los paneles de tus compañeros en la HUD.",

	"wolfhud_panels_position_title" : "Posicion",
	"wolfhud_panels_position_desc" : "Posicion Horizontal en el panel de la HUD",
	"wolfhud_panels_scale_title" : "Escala",
	"wolfhud_panels_scale_desc" : "Factor de escalado del panel de la HUD.",
	"wolfhud_panels_oppacity_title" : "Opacidad",
	"wolfhud_panels_oppacity_desc" : "Selecciona la opacidad del panel de la HUD.",
	"wolfhud_panels_show_name_title" : "Mostrar Nombre",
	"wolfhud_panels_show_name_desc" : "Muestra el nombre de los jugadores.",
	"wolfhud_panels_show_rank_title" : "Mostrar Rank",
	"wolfhud_panels_rank_name_desc" : "Muestra el rank de los jugadores.",
	"wolfhud_panels_truncate_tags_title" : "Tags en Italica",
	"wolfhud_panels_truncate_tags_desc" : "Intentar mostrar los tags en Italica de los nombres de jugadores.",
	"wolfhud_panels_show_char_title" : "Mostrar Personaje",
	"wolfhud_panels_show_char_desc" : "Mostrar el personaje elegido por el jugador.",
	"wolfhud_panels_show_ping_title" : "Mostrar Ping",
	"wolfhud_panels_show_ping_desc" : "Mostrar el Ping de los jugadores hacia ti (recomendado).",
	"wolfhud_panels_show_status_title" : "Mostrar Estado",
	"wolfhud_panels_show_status_desc" : "Muestra el estado actual del icono del jugador (salud, armadura, etc.)",
	"wolfhud_panels_condition_icon_color_title" : "Mostrar color de condicion",
	"wolfhud_panels_condition_icon_color_desc" : "Mostrar el color de el icono de la condicion (derribado, en custodia, swan song, etc.)",
	"wolfhud_panels_show_equip_title" : "Mostrar equipamiento",
	"wolfhud_panels_show_equip_desc" : "Muestra el equipamiento de los jugadores.",
	"wolfhud_panels_show_special_equip_title" : "Mostrar equipamiento especial",
	"wolfhud_panels_show_special_equip_desc" : "Mostrar el equipamiento especial tomado por los jugadores.",
	"wolfhud_panels_special_equip_rows_title" : "Mostrar casillas de equipamiento adicional",
	"wolfhud_panels_special_equip_rows_desc" : "Numero de items de equipamiento especial que pueden ser colocados en una columna.",
	"wolfhud_panels_show_callsign_title" : "Mostrar la señal de llamada",
	"wolfhud_panels_show_callsign_desc" : "Mostrar la señal de llamada de un jugador.",
	"wolfhud_panels_show_stamina_title" : "Mostrar resistencia",
	"wolfhud_panels_show_stamina_desc" : "Muestra un circulo con tu resistencia dentro de tu barra de salud.",
	"wolfhud_panels_show_downcounter_title" : "Mostrar contador de bajasr",
	"wolfhud_panels_show_downcounter_desc" : "Muestra un contador de incapacitaciones para cada jugador no IA. \nEl contador muestra tus incapacitaciones restantes y las de tus compañeros.",
	"wolfhud_panels_show_carry_title" : "Show Carry",
	"wolfhud_panels_show_carry_desc" : "Show carry information.",
	"wolfhud_panels_build_show_title" : "Show Build",
	"wolfhud_panels_build_show_desc" : "Show a joining players build.",
	"wolfhud_panels_build_time_title" : "Display Build time",
	"wolfhud_panels_build_time_desc" : "Show a joining players build for X seconds.\n(0 = Always)",
	"wolfhud_panels_weapon_icon_title" : "Weapon Icons",
	"wolfhud_panels_weapon_icon_desc" : "Which weapon icons do you want to see?",
	"wolfhud_panels_weapon_name_title" : "Weapon Names",
	"wolfhud_panels_weapon_name_desc" : "Display weapon names?",
	"wolfhud_panels_weapon_ammo_title" : "Weapon Ammo",
	"wolfhud_panels_weapon_ammo_desc" : "Weapon ammo display mode.",
	"wolfhud_panels_weapon_firemode_title" : "Weapon Firemode",
	"wolfhud_panels_weapon_firemode_desc" : "Show weapon fire mode, or hide it.",
	"wolfhud_panels_hide" : "Hide",
	"wolfhud_panels_selected" : "Selected Only",
	"wolfhud_panels_unselected" : "Unselected Only",
	"wolfhud_panels_both" : "Both",
	"wolfhud_panels_ammo_total" : "Only total Ammo",
	"wolfhud_panels_show_interaction_title" : "Show Interaction",
	"wolfhud_panels_show_interaction_desc" : "Show your teammates interaction.",
	"wolfhud_panels_show_interaction_number_title" : "Interaction Timer",
	"wolfhud_panels_show_interaction_number_desc" : "Show a numerical indicator",
	"wolfhud_panels_show_interaction_text_title" : "Interaction Text",
	"wolfhud_panels_show_interaction_text_desc" : "Show interaction text",
	"wolfhud_panels_interaction_time_title" : "Min Interaction Duration",
	"wolfhud_panels_interaction_time_desc" : "Only show teammates interaction, if its longer than X seconds.",
	"wolfhud_panels_use_ai_color_title" : "Use custom bot color",
	"wolfhud_panels_use_ai_color_desc" : "Use a custom color for the names of bots. (This also affects dmg popups)",
	"wolfhud_panels_ai_color_title" : "Custom bot color",
	"wolfhud_panels_ai_color_desc" : "Set the custom color to use for the names of bots. (This also affects dmg popups)",

	"wolfhud_chat_options_name" : "Chat options",
	"wolfhud_chat_options_help" : "Options to customize chat behavior.",

	"wolfhud_chat_waittime_title" : "Chat Fade Time",
	"wolfhud_chat_waittime_desc" : "The time after which the chat fades out\n(0 = Never)",
	"wolfhud_chat_fontsize_title" : "Chat Font Size",
	"wolfhud_chat_fontsize_desc" : "Font Size for the ingame Chat-Box.",
	"wolfhud_chat_outputlines_title" : "Max Chat Output Lines",
	"wolfhud_chat_outputlines_desc" : "Max Lines to display before scrolling is enabled.",
	"wolfhud_spam_filter_title" : "Chat Spam Filter",
	"wolfhud_spam_filter_desc" : "Removes PocoHUD and [NGBTO] spam messages from your chat.",
	"wolfhud_chat_width_title" : "Chat Width",
	"wolfhud_chat_width_desc" : "Width of the chat window",
	"wolfhud_chat_inputlines_title" : "Max Chat Input Lines",
	"wolfhud_chat_inputlines_desc" : "Number of lines of text you can type",
	"wolfhud_chat_colored_bg_title" : "Colored Background",
	"wolfhud_chat_colored_bg_desc" : "Colorize the line bg based on the message source",
	"wolfhud_chat_scrollbar_align_title" : "Scrollbar Align",
	"wolfhud_chat_scrollbar_align_desc" : "Alignment of the scroll bar",

	"wolfhud_suspicion_options_name" : "Suspicion options",
	"wolfhud_suspicion_options_help" : "Options for the size of the suspicion panel, as well as its visible components.",

	"wolfhud_suspicion_scale_title" : "Suspicion Scale",
	"wolfhud_suspicion_scale_desc" : "Scaling factor for the suspicion panel elements.",
	"wolfhud_susp_eye_title" : "Display Suspicion Eye",
	"wolfhud_susp_eye_desc" : "Display the default suspicion elements.",
	"wolfhud_susp_numberic_title" : "Show numeric Suspicion",
	"wolfhud_susp_numberic_desc" : "Show numeric suspicion value.",
	"wolfhud_susp_numberic_outline_title" : "Black outline",
	"wolfhud_susp_numberic_outline_desc" : "Show a black outline around the numeric Suspicion text.",

	"wolfhud_killcounter_options_name" : "Killcounter Options",
	"wolfhud_killcounter_options_help" : "Options for the appearance of the kill counter",

	"wolfhud_killcounter_player_show_killcount_title" : "Display Player Killcounter",
	"wolfhud_killcounter_player_show_killcount_desc" : "Display a killcounter on your HUD.",
	"wolfhud_killcounter_player_color_title" : "Player Killcounter Color",
	"wolfhud_killcounter_player_color_desc" : "Select the color for your killcounter.",
	"wolfhud_killcounter_player_show_special_title" : "Count Player Special enemy kills",
	"wolfhud_killcounter_player_show_special_desc" : "Display kills of special enemies separately.",
	"wolfhud_killcounter_player_show_head_title" : "Count Player Headshots",
	"wolfhud_killcounter_player_show_head_desc" : "Display headshots separately.",
	"wolfhud_killcounter_player_show_accuracy_title" : "Show Player Accuracy",
	"wolfhud_killcounter_player_show_accuracy_desc" : "Display your current accuracy on your HUD.",
	"wolfhud_killcounter_team_show_killcount_title" : "Display Teammate Killcounter",
	"wolfhud_killcounter_team_show_killcount_desc" : "Display a killcounter on your teammates HUDs.",
	"wolfhud_killcounter_team_color_title" : "Teammate Killcounter Color",
	"wolfhud_killcounter_team_color_desc" : "Select the color of the killcounters for your teammates.",
	"wolfhud_killcounter_team_show_special_title" : "Count Teammate Special enemy kills",
	"wolfhud_killcounter_team_show_special_desc" : "Display kills of special enemies separately.",
	"wolfhud_killcounter_team_show_head_title" : "Count Teammate Headshots",
	"wolfhud_killcounter_team_show_head_desc" : "Display headshots separately.",
	"wolfhud_killcounter_team_show_ai_title" : "Killcounter for AI",
	"wolfhud_killcounter_team_show_ai_desc" : "Do Bots get a Killcounter too?",
	"wolfhud_corpse_limit_title" : "Corpse Limit",
	"wolfhud_corpse_limit_desc" : "How much corpses should we allow to lay around at the same time?\n(A Map change is needed to apply...)",

	"wolfhud_drivinghud_options_name" : "DrivingHUD Options",
	"wolfhud_drivinghud_options_help" : "Some options for DrivingHUD.",

	"wolfhud_show_drivinghud_title" : "Show Driving HUD",
	"wolfhud_show_drivinghud_desc" : "Show a little HUD in the bottom right while driving.\n(A Map change is needed to apply...)",
	"wolfhud_drivinghud_scale_title" : "Scale",
	"wolfhud_drivinghud_scale_desc" : "Scaling factor for DrivingHUD.",
	"wolfhud_drivinghud_show_vehicle_title" : "Show Vehicle Image",
	"wolfhud_drivinghud_show_vehicle_desc" : "Display a little image of the vehicle and masks of player driving with you.",
	"wolfhud_drivinghud_show_health_title" : "Show health",
	"wolfhud_drivinghud_show_health_desc" : "Display the vehicles health bar.",
	"wolfhud_drivinghud_show_loot_title" : "Show Loot",
	"wolfhud_drivinghud_show_loot_desc" : "Display the vehicles currently loaded and maximum loot numbers.",
	"wolfhud_drivinghud_show_passengers_title" : "Show Passengers",
	"wolfhud_drivinghud_show_passengers_desc" : "Show the amount of passengers in the vehicle and the total amount of seats.",
	"wolfhud_drivinghud_show_gear_title" : "Show Gear",
	"wolfhud_drivinghud_show_gear_desc" : "Display which gear you are driving in.",
	"wolfhud_drivinghud_show_speed_title" : "Show Speed",
	"wolfhud_drivinghud_show_speed_desc" : "Display the vehicles current speed.",
	"wolfhud_drivinghud_speed_in_mph_title" : "Speed in mph",
	"wolfhud_drivinghud_speed_in_mph_desc" : "Display the speed in mph.\n(Uses km/h otherwise.)",
	"wolfhud_drivinghud_show_rpm_title" : "Show RPM",
	"wolfhud_drivinghud_show_rpm_desc" : "Display the vehicles revolutions per minute.",

	"wolfhud_infopanels_options_name" : "HUD Info Options",
	"wolfhud_infopanels_options_help" : "Options for the info boxes of HUD List.",

	"wolfhud_use_hudlist_title" : "Use HUDList",
	"wolfhud_use_hudlist_desc" : "HUDList can display many useful things, incl. Drill timers, enemy or loot count, assets on the map, etc. (A Map change is needed to apply...)",
	"wolfhud_hudlist_scale_right_title" : "Right List Scale",
	"wolfhud_hudlist_scale_right_desc" : "Scaling factor of the right list items.",
	"wolfhud_hudlist_scale_left_title" : "Left List Scale",
	"wolfhud_hudlist_scale_left_desc" : "Scaling factor of the left list items.",
	"wolfhud_hudlist_scale_buff_title" : "Buff List Scale",
	"wolfhud_hudlist_scale_buff_desc" : "Scaling factor of the buff list items.",
	"wolfhud_hudlist_box_color_title" : "Box Font Color",
	"wolfhud_hudlist_box_color_desc" : "Front color for Left- and Right List Boxes.\n(Currently a Map change is needed to apply...)",
	"wolfhud_hudlist_box_bg_color_title" : "Box Background Color",
	"wolfhud_hudlist_box_bg_color_desc" : "Background color for Left- and Right List Boxes.\n(Currently a Map change is needed to apply...)",
	"wolfhud_hudlist_civcolor_title" : "Civilian Color",
	"wolfhud_hudlist_civcolor_desc" : "Color for Civilians and Hostages in EnemyCounter.",
	"wolfhud_hudlist_thugcolor_title" : "Thug Color",
	"wolfhud_hudlist_thugcolor_desc" : "Color for Thugs and Mobsters in EnemyCounter.",
	"wolfhud_hudlist_copcolor_title" : "Enemy Color",
	"wolfhud_hudlist_copcolor_desc" : "Color for Cops, SWATs and Heavy SWATs in EnemyCounter.",
	"wolfhud_hudlist_specialcolor_title" : "Special Color",
	"wolfhud_hudlist_specialcolor_desc" : "Color for Specials and Turrets in EnemyCounter.",
	"wolfhud_hudlist_progress_alpha_left_title" : "Left Progress Alpha",
	"wolfhud_hudlist_progress_alpha_left_desc" : "Alpha value for the progress bars on left list items.",
	"wolfhud_hudlist_progress_alpha_right_title" : "Right Progress Alpha",
	"wolfhud_hudlist_progress_alpha_right_desc" : "Alpha value for the progress bars on right list items.",
	"wolfhud_hudlist_progress_alpha_buff_title" : "Buff Progress Alpha",
	"wolfhud_hudlist_progress_alpha_buff_desc" : "Alpha value for the progress bars on buff list items.",

	"wolfhud_infopanels_left_options_name" : "Left List Options",
	"wolfhud_infopanels_left_options_help" : "Options for the left info list.",

	"wolfhud_hudlist_show_timers_title" : "Show Timers",
	"wolfhud_hudlist_show_timers_desc" : "Display Timers for Drills, Hacks, etc.",
	"wolfhud_hudlist_show_equipment_desc" : "Determine if we should display that equipment on the right side of your screen.",
	"wolfhud_hudlist_show_ammo_bags_title" : "Show Ammo Bags",
	"wolfhud_hudlist_show_doc_bags_title" : "Show Medic Bags",
	"wolfhud_hudlist_show_first_aid_kits_title" : "Show First Aid Kits",
	"wolfhud_hudlist_show_body_bags_title" : "Show Body Bags",
	"wolfhud_hudlist_show_grenade_crates_title" : "Show Grenades",
	"wolfhud_hudlist_sentries_title" : "Show Sentries",
	"wolfhud_hudlist_sentries_desc" : "Show Sentry health and ammo.",
	"wolfhud_hudlist_hide_empty_sentries_title" : "Hide empty Sentries",
	"wolfhud_hudlist_hide_empty_sentries_desc" : "Hide empty sentry Boxes.",
	"wolfhud_hudlist_show_ecms_title" : "Show ECMs",
	"wolfhud_hudlist_show_ecms_desc" : "Show Timer for ECM's ",
	"wolfhud_hudlist_show_ecm_retrigger_title" : "Show ECM retrigger",
	"wolfhud_hudlist_show_ecm_retrigger_desc" : "Show, when an ECM is ready to be retriggered.",
	"wolfhud_hudlist_show_minions_title" : "Show Jokers",
	"wolfhud_hudlist_show_minions_desc" : "Show health of all jokered Cops.",
	"wolfhud_hudlist_show_own_minions_only_title" : "Own Jokers Only",
	"wolfhud_hudlist_show_own_minions_only_desc" : "Only display your own jokered Cops.",
	"wolfhud_hudlist_show_pagers_title" : "Show Pager",
	"wolfhud_hudlist_show_pagers_desc" : "Show Timer for remaining pager time, before the alarm triggers.",
	"wolfhud_hudlist_show_tape_loop_title" : "Show Camera Loop",
	"wolfhud_hudlist_show_tape_loop_desc" : "Show camera loop countdown timer.",
	"wolfhud_hudlist_remove_answered_pagers_title" : "Remove Pager Contour",
	"wolfhud_hudlist_remove_answered_pagers_desc" : "Remove the pager contour, if it is already getting answered.",

	"wolfhud_infopanels_right_options_name" : "Right List Options",
	"wolfhud_infopanels_right_options_help" : "Options for the right info list.",

	"wolfhud_hudlist_show_enemies_title" : "Show Enemies",
	"wolfhud_hudlist_show_enemies_desc" : "Show the amount of Enemies on the map.",
	"wolfhud_hudlist_aggregate_enemies_title" : "Aggregate Enemies",
	"wolfhud_hudlist_aggregate_enemies_desc" : "Show one HUD Box for all Enemies.",
	"wolfhud_hudlist_show_turrets_title" : "Show Turrets",
	"wolfhud_hudlist_show_turrets_desc" : "Show amount of turret vans on the map.",
	"wolfhud_hudlist_show_civilians_title" : "Show Civilians",
	"wolfhud_hudlist_show_civilians_desc" : "Show amount of untied civilians on the map.",
	"wolfhud_hudlist_show_hostages_title" : "Show Hostages",
	"wolfhud_hudlist_show_hostages_desc" : "show amount of civilian hostages.",
	"wolfhud_hudlist_aggregate_hostages_title" : "Aggregate Hostages",
	"wolfhud_hudlist_aggregate_hostages_desc" : "Show all types of hostages in a singe info box.",
	"wolfhud_hudlist_show_minion_count_title" : "Show Minion Count",
	"wolfhud_hudlist_show_minion_count_desc" : "Show amount of cop hostages.",
	"wolfhud_hudlist_show_pager_count_title" : "Show Pager Count",
	"wolfhud_hudlist_show_pager_count_desc" : "Display the amount of triggered pagers while in stealth.",
	"wolfhud_hudlist_show_cam_count_title" : "Show Camera Count",
	"wolfhud_hudlist_show_cam_count_desc" : "Show the amount of active cameras while in stealth.",
	"wolfhud_hudlist_show_bodybags_count_title" : "Show Body Bag Count",
	"wolfhud_hudlist_show_bodybags_count_desc" : "Show the amount of bodybags in your extended inventory directly on your screen while in stealth.",
	"wolfhud_hudlist_show_corpse_count_title" : "Show Corpse Count",
	"wolfhud_hudlist_show_corpse_count_desc" : "Show the amount of Corpses and bagged bodies on the map while in stealth.",
	"wolfhud_hudlist_show_loot_title" : "Show Loot",
	"wolfhud_hudlist_show_loot_desc" : "Count the baggable Loot on the current map.",
	"wolfhud_hudlist_aggregate_loot_title" : "Aggregate Loot",
	"wolfhud_hudlist_aggregate_loot_desc" : "Show all loot types in one count value.",
	"wolfhud_hudlist_separate_bagged_loot_title" : "Separate bagged Loot",
	"wolfhud_hudlist_separate_bagged_loot_desc" : "Separate unbagged and bagged loot counter.",
	"wolfhud_hudlist_show_potential_loot_title" : "Show potential loot",
	"wolfhud_hudlist_show_potential_loot_desc" : "Show the amount of crates on the map in the loot counter. \n(Remember, crates might be empty...)",
	"wolfhud_hudlist_show_special_pickups_title" : "Show Special Pickups",
	"wolfhud_hudlist_show_special_pickups_desc" : "Show amount of chemicals, keycards and other stuff on the map.",
	"wolfhud_hudlist_show_mission_pickups_title" : "Show Mission Pickups",
	"wolfhud_hudlist_show_mission_pickups_desc" : "Show amount of chemicals, keycards, planks and other mission pickups on the map.",
	"wolfhud_hudlist_show_collectables_pickups_title" : "Show Collectable Pickups",
	"wolfhud_hudlist_show_collectables_pickups_desc" : "Show amount of Gage packages, Spec-Ops Cases & Keys et cetera on the map.",
	"wolfhud_hudlist_show_valuables_pickups_title" : "Show Loot Pickups",
	"wolfhud_hudlist_show_valuables_pickups_desc" : "Show amount of valuable items, like money bundles or necklaces on the map.",

	"wolfhud_infopanels_buff_options_name" : "Buff List Options",
	"wolfhud_infopanels_buff_options_help" : "Options for the buff info list.",

	"wolfhud_infopanels_buff_mastermind_options_name" : "Mastermind Skills",
	"wolfhud_infopanels_buff_mastermind_options_help" : "Enable or Disable visual indicators for Mastermind Skills.",
	"wolfhud_infopanels_buff_enforcer_options_name" : "Enforcer Skills",
	"wolfhud_infopanels_buff_enforcer_options_help" : "Enable or Disable visual indicators for Enforcer Skills.",
	"wolfhud_infopanels_buff_technician_options_name" : "Technician Skills",
	"wolfhud_infopanels_buff_technician_options_help" : "Enable or Disable visual indicators for Technician Skills.",
	"wolfhud_infopanels_buff_ghost_options_name" : "Ghost Skills",
	"wolfhud_infopanels_buff_ghost_options_help" : "Enable or Disable visual indicators for Ghost Skills.",
	"wolfhud_infopanels_buff_fugitive_options_name" : "Fugitive Skills",
	"wolfhud_infopanels_buff_fugitive_options_help" : "Enable or Disable visual indicators for Fugitive Skills.",
	"wolfhud_infopanels_buff_perkdecks_options_name" : "Perk Decks",
	"wolfhud_infopanels_buff_perkdecks_options_help" : "Enable or Disable visual indicators for Perk Decks.",
	"wolfhud_infopanels_buff_gageboosts_options_name" : "Gage Boosts",
	"wolfhud_infopanels_buff_gageboosts_options_help" : "Enable or Disable visual indicators for Gage Boosts.",
	"wolfhud_infopanels_buff_henchmen_options_name" : "Henchmen Skills",
	"wolfhud_infopanels_buff_henchmen_options_help" : "Enable or Disable visual indicators for Henchmen Skills.",

	"wolfhud_hudlist_show_buffs_title" : "Show Buffs",
	"wolfhud_hudlist_show_buffs_desc" : "Display active Buffs in the bottom center of your screen.",
	"wolfhud_hudlist_damage_increase_compbuff_title" : "Damage Increase Buff",
	"wolfhud_hudlist_damage_increase_compbuff_desc" : "Composite Buff item, displays added value of all damage increasing skills.",
	"wolfhud_hudlist_damage_reduction_compbuff_title" : "Damage Reduction Buff",
	"wolfhud_hudlist_damage_reduction_compbuff_desc" : "Composite Buff item, displays added value of all damage reducing skills.",
	"wolfhud_hudlist_melee_damage_increase_compbuff_title" : "Melee Damage Increase Buff",
	"wolfhud_hudlist_melee_damage_increase_compbuff_desc" : "Composite Buff item, displays added value of all melee damage increasing skills.",
	"wolfhud_hudlist_passive_health_regen_compbuff_title" : "Passive Health Regeneration",
	"wolfhud_hudlist_passive_health_regen_compbuff_desc" : "Composite Buff item, displays added value of all passive Health regeneration effects.",
	"wolfhud_hudlist_total_dodge_chance_compbuff_title" : "Total Dodge Chance",
	"wolfhud_hudlist_total_dodge_chance_compbuff_desc" : "Composite Buff item, displays added value of all dodge increaing skills.",
	"wolfhud_hudlist_aggressive_reload_aced_buff_title" : "Aggressive Reload",
	"wolfhud_hudlist_aggressive_reload_aced_buff_desc" : "",
	"wolfhud_hudlist_ammo_efficiency_buff_title" : "Ammo Efficiency",
	"wolfhud_hudlist_ammo_efficiency_buff_desc" : "",
	"wolfhud_hudlist_armor_break_invulnerable_buff_title" : "Blitzkrieg Bop (Anarchist)",
	"wolfhud_hudlist_armor_break_invulnerable_buff_desc" : "",
	"wolfhud_hudlist_berserker_buff_title" : "Berserker",
	"wolfhud_hudlist_berserker_buff_desc" : "Part of Composite Buffs.",
	"wolfhud_hudlist_biker_buff_title" : "Regen Debuff (Biker)",
	"wolfhud_hudlist_biker_buff_desc" : "",
	"wolfhud_hudlist_bloodthirst_basic_buff_title" : "Bloodthirst (Basic)",
	"wolfhud_hudlist_bloodthirst_basic_buff_desc" : "Part of Composite Buffs.",
	"wolfhud_hudlist_bloodthirst_aced_buff_title" : "Bloodthirst (Aced)",
	"wolfhud_hudlist_bloodthirst_aced_buff_desc" : "",
	"wolfhud_hudlist_bullet_storm_buff_title" : "Bullet Storm",
	"wolfhud_hudlist_bullet_storm_buff_desc" : "",
	"wolfhud_hudlist_close_contact_buff_title" : "Close Contact (Infiltrator)",
	"wolfhud_hudlist_close_contact_buff_desc" : "Part of Composite Buffs.",
	"wolfhud_hudlist_combat_medic_buff_title" : "Combat Medic (Active)",
	"wolfhud_hudlist_combat_medic_buff_desc" : "Part of Composite Buffs.",
	"wolfhud_hudlist_combat_medic_passive_buff_title" : "Combat Medic (Passive)",
	"wolfhud_hudlist_combat_medic_passive_buff_desc" : "Part of Composite Buffs.",
	"wolfhud_hudlist_desperado_buff_title" : "Desperados",
	"wolfhud_hudlist_desperado_buff_desc" : "",
	"wolfhud_hudlist_die_hard_buff_title" : "Die Hard",
	"wolfhud_hudlist_die_hard_buff_desc" : "Part of Composite Buffs.",
	"wolfhud_hudlist_dire_need_buff_title" : "Dire Need",
	"wolfhud_hudlist_dire_need_buff_desc" : "",
	"wolfhud_hudlist_frenzy_buff_title" : "Frenzy",
	"wolfhud_hudlist_frenzy_buff_desc" : "Part of Composite Buffs.",
	"wolfhud_hudlist_grinder_buff_title" : "Health Regen (Grinder)",
	"wolfhud_hudlist_grinder_buff_desc" : "",
	"wolfhud_hudlist_chico_injector_buff_title" : "Injector Duration (Kingpin)",
	"wolfhud_hudlist_chico_injector_buff_desc" : "",
	"wolfhud_hudlist_hostage_situation_buff_title" : "Hostage Situation (Crew Chief)",
	"wolfhud_hudlist_hostage_situation_buff_desc" : "Part of Composite Buffs.",
	"wolfhud_hudlist_hostage_taker_buff_title" : "Hostage Taker",
	"wolfhud_hudlist_hostage_taker_buff_desc" : "",
	"wolfhud_hudlist_inspire_buff_title" : "Inspire (Boost)",
	"wolfhud_hudlist_inspire_buff_desc" : "",
	"wolfhud_hudlist_lock_n_load_buff_title" : "Lock 'n' Load",
	"wolfhud_hudlist_lock_n_load_buff_desc" : "",
	"wolfhud_hudlist_melee_stack_damage_buff_title" : "Melee Stack damage (Infiltrator)",
	"wolfhud_hudlist_melee_stack_damage_buff_desc" : "Part of Composite Buffs.",
	"wolfhud_hudlist_maniac_buff_title" : "Damage Reduction (Maniac)",
	"wolfhud_hudlist_maniac_buff_desc" : "",
	"wolfhud_hudlist_muscle_regen_buff_title" : "Health Regen (Muscle)",
	"wolfhud_hudlist_muscle_regen_buff_desc" : "",
	"wolfhud_hudlist_messiah_buff_title" : "Messiah",
	"wolfhud_hudlist_messiah_buff_desc" : "",
	"wolfhud_hudlist_overdog_buff_title" : "Overdog (Infiltrator)",
	"wolfhud_hudlist_overdog_buff_desc" : "",
	"wolfhud_hudlist_overkill_buff_title" : "Overkill",
	"wolfhud_hudlist_overkill_buff_desc" : "Part of Composite Buffs.",
	"wolfhud_hudlist_painkiller_buff_title" : "Painkiller",
	"wolfhud_hudlist_painkiller_buff_desc" : "Part of Composite Buffs.",
	"wolfhud_hudlist_partner_in_crime_buff_title" : "Partner in Crime",
	"wolfhud_hudlist_partner_in_crime_buff_desc" : "Part of Composite Buffs.",
	"wolfhud_hudlist_running_from_death_buff_title" : "Running from Death",
	"wolfhud_hudlist_running_from_death_buff_desc" : "",
	"wolfhud_hudlist_quick_fix_buff_title" : "Quick Fix",
	"wolfhud_hudlist_quick_fix_buff_desc" : "Part of Composite Buffs.",
	"wolfhud_hudlist_second_wind_buff_title" : "Second Wind",
	"wolfhud_hudlist_second_wind_buff_desc" : "",
	"wolfhud_hudlist_sixth_sense_buff_title" : "Sixth Sense",
	"wolfhud_hudlist_sixth_sense_buff_desc" : "",
	"wolfhud_hudlist_sicario_dodge_buff_title" : "Additional Dodge (Sicario)",
	"wolfhud_hudlist_sicario_dodge_buff_desc" : "",
	"wolfhud_hudlist_smoke_screen_buff_title" : "Smoke Bomb (Sicario)",
	"wolfhud_hudlist_smoke_screen_buff_desc" : "",
	"wolfhud_hudlist_swan_song_buff_title" : "Swan Song",
	"wolfhud_hudlist_swan_song_buff_desc" : "",
	"wolfhud_hudlist_tooth_and_claw_buff_title" : "Tooth and Claw (Hitman)",
	"wolfhud_hudlist_tooth_and_claw_buff_desc" : "",
	"wolfhud_hudlist_trigger_happy_buff_title" : "Trigger Happy",
	"wolfhud_hudlist_trigger_happy_buff_desc" : "Part of Composite Buffs.",
	"wolfhud_hudlist_underdog_buff_title" : "Underdog",
	"wolfhud_hudlist_underdog_buff_desc" : "Part of Composite Buffs.",
	"wolfhud_hudlist_unseen_strike_buff_title" : "Unseen Strike",
	"wolfhud_hudlist_unseen_strike_buff_desc" : "",
	"wolfhud_hudlist_up_you_go_buff_title" : "Up you Go",
	"wolfhud_hudlist_up_you_go_buff_desc" : "Part of Composite Buffs.",
	"wolfhud_hudlist_uppers_buff_title" : "Uppers",
	"wolfhud_hudlist_uppers_buff_desc" : "",
	"wolfhud_hudlist_yakuza_buff_title" : "Armor Regen Speed (Yakuza)",
	"wolfhud_hudlist_yakuza_buff_desc" : "",
	"wolfhud_hudlist_anarchist_armor_recovery_debuff_title" : "Lust for Life (Anarchist)",
	"wolfhud_hudlist_anarchist_armor_recovery_debuff_desc" : "",
	"wolfhud_hudlist_ammo_give_out_debuff_title" : "Ammo give out Debuff (Gambler)",
	"wolfhud_hudlist_ammo_give_out_debuff_desc" : "",
	"wolfhud_hudlist_bullseye_debuff_title" : "Bullseye Debuff",
	"wolfhud_hudlist_bullseye_debuff_desc" : "",
	"wolfhud_hudlist_inspire_debuff_title" : "Inspire Boost Debuff",
	"wolfhud_hudlist_inspire_debuff_desc" : "",
	"wolfhud_hudlist_inspire_revive_debuff_title" : "Inspire Revive Debuff",
	"wolfhud_hudlist_inspire_revive_debuff_desc" : "",
	"wolfhud_hudlist_life_drain_debuff_title" : "Life Drain Debuff (Infiltrator)",
	"wolfhud_hudlist_life_drain_debuff_desc" : "",
	"wolfhud_hudlist_medical_supplies_debuff_title" : "Medical Supplies Debuff (Gambler)",
	"wolfhud_hudlist_medical_supplies_debuff_desc" : "",
	"wolfhud_hudlist_sociopath_debuff_title" : "Regen Debuff (Sociopath)",
	"wolfhud_hudlist_sociopath_debuff_desc" : "",
	"wolfhud_hudlist_armorer_teambuff_title" : "Armor Increase Teambuff (Armorer)",
	"wolfhud_hudlist_armorer_teambuff_desc" : "",
	"wolfhud_hudlist_bulletproof_teambuff_title" : "Bulletproof Teambuff",
	"wolfhud_hudlist_bulletproof_teambuff_desc" : "",
	"wolfhud_hudlist_crew_chief_teambuff_title" : "Increased Stats Teambuff (Crew Chief)",
	"wolfhud_hudlist_crew_chief_teambuff_desc" : "Part of Composite Buffs.",
	"wolfhud_hudlist_forced_friendship_teambuff_title" : "Forced Friendship Teambuff",
	"wolfhud_hudlist_forced_friendship_teambuff_desc" : "",
	"wolfhud_hudlist_life_steal_gage_debuff_title" : "Life Steal",
	"wolfhud_hudlist_life_steal_gage_debuff_desc" : "",
	"wolfhud_hudlist_invulnerable_gage_buff_title" : "Invulnerability",
	"wolfhud_hudlist_invulnerable_gage_buff_desc" : "",
	"wolfhud_hudlist_crew_inspire_debuff_title" : "Inspiring",
	"wolfhud_hudlist_crew_inspire_debuff_desc" : "",
	"wolfhud_hudlist_crew_throwable_regen_buff_title" : "Stockpiler",
	"wolfhud_hudlist_crew_throwable_regen_buff_desc" : "",
	"wolfhud_hudlist_crew_health_regen_buff_title" : "Healer",
	"wolfhud_hudlist_crew_health_regen_buff_desc" : "",

	"wolfhud_waypoints_options_name" : "Custom Waypoints Options",
	"wolfhud_waypoints_options_help" : "Options to control Custom Waypoints.",

	"wolfhud_waypoints_color_title" : "Waypoints Color",
	"wolfhud_waypoints_color_desc" : "The color of the default mission waypoints.",
	"wolfhud_waypoints_show_ammo_bag_title" : "Show Ammo Bags",
	"wolfhud_waypoints_show_ammo_bag_desc" : "Show Waypoints for Ammo bags, telling you the Percentage left.",
	"wolfhud_waypoints_show_doc_bag_title" : "Show Doctor Bags",
	"wolfhud_waypoints_show_doc_bag_desc" : "Show Waypoints for Doctor Bags, stating the number of charges left.",
	"wolfhud_waypoints_show_first_aid_kit_title" : "Show First Aid Kits",
	"wolfhud_waypoints_show_first_aid_kit_desc" : "Show Waypoints for First Aid Kits, showing its skill effects.",
	"wolfhud_waypoints_show_body_bag_title" : "Show Bodybag Case",
	"wolfhud_waypoints_show_body_bag_desc" : "Show Waypoints for bodybag cases, telling you the amount of Bodybags left.",
	"wolfhud_waypoints_show_grenade_crate_title" : "Show Grenade Case",
	"wolfhud_waypoints_show_grenade_crate_desc" : "Show Waypoints for Grenade Cases, telling you the amount of Grenades left.",
	"wolfhud_waypoints_show_sentries_title" : "Show Sentries",
	"wolfhud_waypoints_show_sentries_desc" : "Show Waypoints for Sentries, telling you the amount of ammo left.",
	"wolfhud_waypoints_show_ecms_title" : "Show ECMs",
	"wolfhud_waypoints_show_ecms_desc" : "Show Waypoints for ECMs, telling you its remaining battery and feedback duration.",
	"wolfhud_waypoints_show_timers_title" : "Show Timers",
	"wolfhud_waypoints_show_timers_desc" : "Show Waypoints for timers, telling you the time left and their active Upgrades.",
	"wolfhud_waypoints_show_loot_title" : "Show Loot",
	"wolfhud_waypoints_show_loot_desc" : "Show the name of the loot above it, when looking near it.",
	"wolfhud_waypoints_loot_icon_title" : "Bag icon",
	"wolfhud_waypoints_loot_icon_desc" : "Show a bag icon on bagged loot.",
	"wolfhud_waypoints_loot_offset_title" : "Height offset",
	"wolfhud_waypoints_loot_offset_desc" : "Set the height offset of the text label on loot.",
	"wolfhud_waypoints_loot_bagged_offset_title" : "Bagged height offset",
	"wolfhud_waypoints_loot_bagged_offset_desc" : "Set the height offset of the text label on bagged loot.",
	"wolfhud_waypoints_loot_angle_title" : "Visible angle",
	"wolfhud_waypoints_loot_angle_desc" : "Set the angle the text label is visible in.",
	"wolfhud_waypoints_show_special_equipment_title" : "Show Special Equipment",
	"wolfhud_waypoints_show_special_equipment_desc" : "Show waypoints for various different equipments. Good to learn all the different locations.",
	"wolfhud_waypoints_show_minions_title" : "Show Minions",
	"wolfhud_waypoints_show_minions_desc" : "Show a Minions Name above its head, in the color of the player who converted him.\nAlso shows his Killcount.",
	"wolfhud_waypoints_show_pager_title" : "Show Pager",
	"wolfhud_waypoints_show_pager_desc" : "Show a waypoint for activated pagers. Changes its color, when someone is answering it.",

	"wolfhud_tabstats_options_name" : "TabStats Options",
	"wolfhud_tabstats_options_help" : "Configure the look of your Tabscreen.",

	"wolfhud_tabstats_clock_mode_title" : "Clock Mode",
	"wolfhud_tabstats_clock_mode_desc" : "Which mode should the clock use?",
	"wolfhud_tabstats_clock_mode_a" : "12-h",
	"wolfhud_tabstats_clock_mode_b" : "24-h",
	"wolfhud_tabstats_clock_mode_c" : "Heist Time",
	"wolfhud_use_tabstats_title" : "Use TabStats",
	"wolfhud_use_tabstats_desc" : "Show your Statistics on Tab Screen instead, of the Mission briefing.\n(A Map change is needed to apply...)",
	"wolfhud_tabstats_font_size_title" : "List Font Size",
	"wolfhud_tabstats_font_size_desc" : "Font Size for the advanced statistics list.",
	"wolfhud_tabstats_color_title" : "List Color",
	"wolfhud_tabstats_color_desc" : "Color for the advanced statistics list.",
	"wolfhud_tabstats_actual_mask_title" : "Use actual mask",
	"wolfhud_tabstats_actual_mask_desc" : "Use your Actual mask instead of your played character picture.",
	"wolfhud_tabstats_numberic_loot_title" : "Numeric Loot Counter",
	"wolfhud_tabstats_numberic_loot_desc" : "Disable the bag counting minigame and display the number right away.",

	"wolfhud_crewloadout_options_name" : "Crew Loadout Options",
	"wolfhud_crewloadout_options_help" : "Choose where you want to get Information on which gear and skills your teammates are bringing.",

	"wolfhud_crewloadout_lobby_title" : "Show in Lobby",
	"wolfhud_crewloadout_lobby_desc" : "Adds a button to your Lobby screen, that can display the loadout of you and your crew.",
	"wolfhud_crewloadout_cs_lobby_title" : "Show in Crimespree Lobby",
	"wolfhud_crewloadout_cs_lobby_desc" : "Adds a new tab right next to the modifiers and rewards in the crimespree lobby.",
	"wolfhud_crewloadout_briefing_title" : "Replace in briefing",
	"wolfhud_crewloadout_briefing_desc" : "Replaces the default Crew Loadout Panel in Mission briefing.",
	"wolfhud_crewloadout_tabscreen_title" : "Show on Tabscreen",
	"wolfhud_crewloadout_tabscreen_desc" : "Displays the Skills, Perk and current Ping of players in your lobby. \n(Disabled if you use this feature of LobbyPlayerInfo)",
    "wolfhud_profilemenu_replace_title" : "Replace Profile Menu",
    "wolfhud_profilemenu_replace_desc" : "Replaces the default Profile-Selector with WolfHUDs advanced one.",

	"wolfhud_dmgindicator_options_name" : "Damage Indicator",
	"wolfhud_dmgindicator_options_help" : "Set the fade time, size and colors or your damage indicators.",

	"wolfhud_show_dmg_indicator_title" : "Dynamic Damage Indicator",
	"wolfhud_show_dmg_indicator_desc" : "Turns the 4 static damage indicators into several dynamic ones, moving according to your position and the position you were damaged from.",
	"wolfhud_dmg_ind_time_title" : "Indicator Duration",
	"wolfhud_dmg_ind_time_desc" : "Determines the time, the indicator will be shown.",
	"wolfhud_dmg_ind_size_title" : "Indicator Size",
	"wolfhud_dmg_ind_size_desc" : "Determines the size of the circle, the Indicators are placed around.",
	"wolfhud_dmg_indicator_max_count_title" : "Max Indicator Count",
	"wolfhud_dmg_indicator_max_count_desc" : "Specify the max amount of damage indicators on your screen.",
	"wolfhud_dmg_shield_color_title" : "Armor Color",
	"wolfhud_dmg_shield_color_desc" : "Color of the indicator, when you only loose armor.",
	"wolfhud_dmg_health_color_title" : "Health Color",
	"wolfhud_dmg_health_color_desc" : "Color of the indicator, when you loose health.",
	"wolfhud_dmg_crit_color_title" : "Low Health Color",
	"wolfhud_dmg_crit_color_desc" : "Color of the indicator, when your health is getting low.",
	"wolfhud_dmg_vehicle_color_title" : "Vehicle Color",
	"wolfhud_dmg_vehicle_color_desc" : "Color of the indicator, when the vehicle you are in gets hit.",
	"wolfhud_dmg_friendlyfire_color_title" : "Friendly Fire Color",
	"wolfhud_dmg_friendlyfire_color_desc" : "Color of the indicator, when you get hit by fire or explosives.",

	"wolfhud_dmgpopup_options_name" : "Enemy Damage Popup",
	"wolfhud_dmgpopup_options_help" : "Popup near an enemies head, displaying the damage dealt.",

	"wolfhud_show_dmg_popup_title" : "Show Damage Popup",
	"wolfhud_show_dmg_popup_desc" : "Enable the damage popup.",
	"wolfhud_dmg_popup_player" : "Player",
	"wolfhud_dmg_popup_all" : "Everyone",
	"wolfhud_dmg_popup_scale_title" : "Popup Scale",
	"wolfhud_dmg_popup_scale_desc" : "Changes the size of the damage popups.",
	"wolfhud_dmg_popup_skull_scale_title" : "Skull Scale",
	"wolfhud_dmg_popup_skull_scale_desc" : "Changes the size of the skull icon when it was a kill.",
	"wolfhud_dmg_popup_skull_align_title" : "Skull Align",
	"wolfhud_dmg_popup_skull_align_desc" : "Changes the alignment of the skull icon when it was a kill.",
	"wolfhud_dmg_popup_time_title" : "Popup Time",
	"wolfhud_dmg_popup_time_desc" : "Determines how long the popup will stay.",
	"wolfhud_dmg_popup_height_title" : "Popup Height",
	"wolfhud_dmg_popup_height_desc" : "Determines how high above the enemy the popup will render.",
	"wolfhud_dmg_popup_alpha_title" : "Popup Opacity",
	"wolfhud_dmg_popup_alpha_desc" : "Set the opacity of the popup.",
	"wolfhud_dmg_popup_color_title" : "Bodyshot Popup Color",
	"wolfhud_dmg_popup_color_desc" : "Set the color of the popup for bodyshots",
	"wolfhud_dmg_popup_headshot_color_title" : "Headshot Popup Color",
	"wolfhud_dmg_popup_headshot_color_desc" : "Set the color of the popup for headshots.",

	"wolfhud_enemyhealthbar_options_name" : "Enemy Healthbar",
	"wolfhud_enemyhealthbar_options_help" : "Determine which units should get an healthbar.",

	"wolfhud_show_enemyhealthbar_title" : "Show Enemy Healthbar",
	"wolfhud_show_enemyhealthbar_desc" : "Display Enemy Healthbar at the top enter, when aiming at an enemy.\n(A Map change is needed to apply...)",
	"wolfhud_show_civhealthbar_title" : "Civilian Healthbar",
	"wolfhud_show_civhealthbar_desc" : "Also show Healthbar for Civilians and TeamAI.",
	"wolfhud_show_carhealthbar_title" : "Show Vehicle Healthbar",
	"wolfhud_show_carhealthbar_desc" : "Show Healthbar for drivable Vehicles.",
	"wolfhud_show_healthbar_pointer_title" : "Show Pointer",
	"wolfhud_show_healthbar_pointer_desc" : "Show Arrow under the Healthbar, aiming at the Owner of the Healthbar.",

	"wolfhud_interaction_options_name" : "Interaction Options",
	"wolfhud_interaction_options_help" : "Choose your personal Interaction preferences.",

	"wolfhud_press2hold_lock_mode_title" : "Lock Mode",
	"wolfhud_press2hold_lock_mode_desc" : "Lock, when already interaction for more than X seconds. (Progress)\nLock, when total Interaction Time is more than X seconds. (Total)",
	"wolfhud_press2hold_lock_mode_a" : "Progress",
	"wolfhud_press2hold_lock_mode_b" : "Total",
	"wolfhud_press2hold_lock_mode_c" : "Pagers+lockpick",
	"wolfhud_press2hold_lock_mode_d" : "Pagers only",
	"wolfhud_press2hold_min_timer_duration_title" : "Min. Timer Duration",
	"wolfhud_press2hold_min_timer_duration_desc" : "The Min Timer Duration for the Interaction to lock.",
	"wolfhud_press2hold_show_lockindicator_title" : "Show Lock Indicator",
	"wolfhud_press2hold_show_lockindicator_desc" : "Show transparent red/green circle overlay, to indicate weather the interaction is locked or not.",
	"wolfhud_press2hold_equipment_cancel_title" : "Equipment Interrupt",
	"wolfhud_press2hold_equipment_cancel_desc" : "Interrupt a locked Interaction with your equipment key.\n(Otherwise by pressing your Interaction key again.)",
	"wolfhud_press2hold_interrupt_hint_title" : "Show Interrupt Hint",
	"wolfhud_press2hold_interrupt_hint_desc" : "Show a text to remind you, which button will interrupt your Interaction.",
	"wolfhud_press2hold_show_timer_title" : "Show remaining time",
	"wolfhud_press2hold_show_timer_desc" : "Display the remaining time inside the Interaction circle.",
	"wolfhud_press2hold_show_circle_title" : "Show Interaction Circle",
	"wolfhud_press2hold_show_circle_desc" : "Determine if the standard interaction circle should be displayed.",
	"wolfhud_press2hold_circle_scale_title" : "Circle Scale",
	"wolfhud_press2hold_circle_scale_desc" : "Scaling factor of the interaction circle.",
	"wolfhud_press2hold_timer_scale_title" : "Timer Scale",
	"wolfhud_press2hold_timer_scale_desc" : "Scaling factor of the center timer (Takes circle scale into account).",
	"wolfhud_press2hold_text_scale_title" : "Text Scale",
	"wolfhud_press2hold_text_scale_desc" : "Scaling factor of the interaction text below the circle.",
	"wolfhud_press2hold_show_reload_circle_title" : "Show reload timer",
	"wolfhud_press2hold_show_reload_circle_desc" : "Determine, if we should show a reload as an interaction.",
	"wolfhud_press2hold_show_melee_circle_title" : "Show melee charge",
	"wolfhud_press2hold_show_melee_circle_desc" : "Determine, if we should show a melee charge as an interaction.",
	"wolfhud_press2hold_timer_color_start_title" : "Timer Color (Start)",
	"wolfhud_press2hold_timer_color_start_desc" : "Color for the Timer to start with.",
	"wolfhud_press2hold_timer_color_title" : "Timer Color (End)",
	"wolfhud_press2hold_timer_color_desc" : "Color for the Timer to reach on completion.",
	"wolfhud_press2hold_show_timer_outline_title" : "Black outline",
	"wolfhud_press2hold_show_timer_outline_desc" : "Show a black outline around the remaining time text.",
	"wolfhud_doubletap_nades_stealth_title" : "Stealth Nade Suppression",
	"wolfhud_doubletap_nades_stealth_desc" : "When checked, you need to doubletap to throw a nade in stealth. \nOnly to prevent accidents.",
	"wolfhud_hold_to_pick_title" : "Auto Pickup",
	"wolfhud_hold_to_pick_desc" : "Small loot will be automatically picked up, while pressing your interaction key.",

	"wolfhud_inventory_options_name" : "Inventory Tweak Options",
	"wolfhud_inventory_options_help" : "Options to change the visuals of your Inventory and alter Equipment behavior.",

	"wolfhud_equipment_senty_auto_ap_title" : "Sentry Auto AP-Mode",
	"wolfhud_equipment_senty_auto_ap_desc" : "Sentries will spawn in AP Mode, if you have the required Skill.",
	"wolfhud_equipment_tripmine_auto_sensor_stealth_title" : "Trip-Mine Auto Sensor-Mode",
	"wolfhud_equipment_tripmine_auto_sensor_stealth_desc" : "Trip-Mines will spawn in Sensor Mode, while you are in stealth.",
	"wolfhud_equipment_ecm_feedback_disabled_stealth_title" : "ECM Feedback Suppression",
	"wolfhud_equipment_ecm_feedback_disabled_stealth_desc" : "ECM Feedback will be disabled during stealth.",
	"wolfhud_equipment_shaped_charge_disabled_stealth_title" : "Shaped Charge Suppression",
	"wolfhud_equipment_shaped_charge_disabled_stealth_desc" : "When checked, you need to doubletap to deploy shaped charges in stealth. \nOnly to prevent accidents.",

	"wolfhud_gadget_options_name" : "Weapon Gadget Options",
	"wolfhud_gadget_options_help" : "Specify your custom laser colors.",

	"wolfhud_laser_autoon_title" : "Automatic Laser On",
	"wolfhud_laser_autoon_desc" : "Automatically turns the laser gadget on at startup, on weapons that have one.",
	"wolfhud_show_angeled_sight_title" : "Show Angled Sight",
	"wolfhud_show_angeled_sight_desc" : "Tilt the weapon in your Hand, while the angled sight is enabled.",

	"wolfhud_gadget_player_laser_options_name" : "Player Laser",
	"wolfhud_gadget_player_laser_options_help" : "Setting for your local laser.",
	"wolfhud_gadget_player_sentry_laser_options_name" : "Player Sentry Options",
	"wolfhud_gadget_player_sentry_laser_options_help" : "Settings for your sentries lasers.",
	"wolfhud_gadget_team_laser_options_name" : "Teammate Lasers",
	"wolfhud_gadget_team_laser_options_help" : "Settings for your teammates lasers.",
	"wolfhud_gadget_team_sentry_laser_options_name" : "Teammate Sentry Lasers",
	"wolfhud_gadget_team_sentry_laser_options_help" : "Settings for your Teammates sentries lasers.",
	"wolfhud_gadget_sniper_laser_options_name" : "Sniper Laser",
	"wolfhud_gadget_sniper_laser_options_help" : "Setting for the lasers of enemy snipers.",
	"wolfhud_gadget_turret_laser_active_options_name" : "Turret Laser (Active)",
	"wolfhud_gadget_turret_laser_active_options_help" : "Laser settings for the active SWAT turret.",
	"wolfhud_gadget_turret_laser_rearming_options_name" : "Turret Laser (Rearming)",
	"wolfhud_gadget_turret_laser_rearming_options_help" : "Laser settings for the reloading SWAT turret.",
	"wolfhud_gadget_turret_laser_mad_options_name" : "Turret Laser (Mad)",
	"wolfhud_gadget_turret_laser_mad_options_help" : "Laser settings for the jammed SWAT turret.",
	"wolfhud_gadget_player_flashlight_options_name" : "Player Flashlight",
	"wolfhud_gadget_player_flashlight_options_help" : "Settings for your local flashlight.",
	"wolfhud_gadget_team_flashlight_options_name" : "Teammate Flashlight",
	"wolfhud_gadget_team_flashlight_options_help" : "Settings for your Teammates flashlights.",

	"wolfhud_gadgets_beam_r_title" : "Laser Beam (R)",
	"wolfhud_gadgets_beam_r_desc" : "Red component of the laser color.",
	"wolfhud_gadgets_beam_g_title" : "Laser Beam (G)",
	"wolfhud_gadgets_beam_g_desc" : "Green component of the laser color.",
	"wolfhud_gadgets_beam_b_title" : "Laser Beam (B)",
	"wolfhud_gadgets_beam_b_desc" : "Blue component of the laser color.",
	"wolfhud_gadgets_beam_a_title" : "Laser Beam Alpha",
	"wolfhud_gadgets_beam_a_desc" : "Opacity of the laser beam.",
	"wolfhud_gadgets_dot_match_title" : "Matching Dot Color",
	"wolfhud_gadgets_dot_match_desc" : "Determines, if the laser dot should match the beam in color.",
	"wolfhud_gadgets_dot_r_title" : "Laser Dot (R)",
	"wolfhud_gadgets_dot_r_desc" : "Red component of the laser dots color.",
	"wolfhud_gadgets_dot_g_title" : "Laser Dot (G)",
	"wolfhud_gadgets_dot_g_desc" : "Green component of the laser dots color.",
	"wolfhud_gadgets_dot_b_title" : "Laser Dot (B)",
	"wolfhud_gadgets_dot_b_desc" : "Blue component of the laser dots color.",
	"wolfhud_gadgets_dot_a_title" : "Laser Dot Alpha",
	"wolfhud_gadgets_dot_a_desc" : "Opacity of the laser dot.",
	"wolfhud_gadgets_glow_match_title" : "Matching Glow Color",
	"wolfhud_gadgets_glow_match_desc" : "Determines, if the lasers glow should match the beam in color.",
	"wolfhud_gadgets_glow_r_title" : "Laser Glow (R)",
	"wolfhud_gadgets_glow_r_desc" : "Red component of the laser glow color.",
	"wolfhud_gadgets_glow_g_title" : "Laser Glow (G)",
	"wolfhud_gadgets_glow_g_desc" : "Green component of the laser glow color.",
	"wolfhud_gadgets_glow_b_title" : "Laser Glow (B)",
	"wolfhud_gadgets_glow_b_desc" : "Blue component of the laser glow color.",
	"wolfhud_gadgets_glow_a_title" : "Alpha del Brillo del Laser",
	"wolfhud_gadgets_glow_a_desc" : "Opacidad del brillo del laser.",
	"wolfhud_gadgets_light_r_title" : "Flashlight (Rojo)",
	"wolfhud_gadgets_light_r_desc" : "Porcentaje de Rojo en el color de la linterna.",
	"wolfhud_gadgets_light_g_title" : "Flashlight (Verde)",
	"wolfhud_gadgets_light_g_desc" : "Porcentaje de Verde en el color de la linterna.",
	"wolfhud_gadgets_light_b_title" : "Linterna (Azul)",
	"wolfhud_gadgets_light_b_desc" : "Porcentaje de Azul en el color de la linterna.",
	"wolfhud_gadgets_light_brightness_title" : "Brillo de la linterna",
	"wolfhud_gadgets_light_brightness_desc" : "Brillo de la linterna.",
	"wolfhud_gadgets_light_angle_title" : "Angulo de la linterna",
	"wolfhud_gadgets_light_angle_desc" : "El angulo en el que brilla la linterna.",
	"wolfhud_gadgets_light_range_title" : "Rango de la Linterna",
	"wolfhud_gadgets_light_range_desc" : "Distancia que cubre la Linterna.",
	"wolfhud_gadgets_rainbow_enabled_title" : "Activar Arcoiris",
	"wolfhud_gadgets_rainbow_enabled_desc" : "Activa el modo acoiris.",
	"wolfhud_gadgets_rainbow_frequency_title" : "Frecuencia de Arcoiris",
	"wolfhud_gadgets_rainbow_frequency_desc" : "Determina cuan rapido el arcoiris cambia de color.",
	"wolfhud_gadgets_pulse_enabled_title" : "Pulso",
	"wolfhud_gadgets_pulse_enabled_desc" : "Activa el modo pulso.",
	"wolfhud_gadgets_pulse_min_title" : "Pulso Minimo",
	"wolfhud_gadgets_pulse_min_desc" : "Minimo modificador de Opacidad usado.",
	"wolfhud_gadgets_pulse_max_title" : "Pulso Maximo",
	"wolfhud_gadgets_pulse_max_desc" : "Maximo modificador de Opacidad usado.",
	"wolfhud_gadgets_pulse_frequency_title" : "Frecuencia de Pulso",
	"wolfhud_gadgets_pulse_frequency_desc" : "Detemina el tiempo que toma desde el minimo al maximo del multiplicador de opacidad.",

	"wolfhud_skipit_options_name" : "Opciones para Saltar",
	"wolfhud_skipit_options_help" : "Opciones para saltar los menus innecesarios automaticamente para guardar tiempo.",
	"wolfhud_assaultbanner_options_name" : "Opciones del Banner de Asalto",
	"wolfhud_assaultbanner_options_help" : "Opciones para cambiar el banner que muestra el estado del asalto."
}
